1635749087.7546475,11,50,71,75,76,81.57894736842107,5.298565069899935
1635749087.7546475,16,209,71,80,77,80.51948051948054,21.189383845645846
1635749087.7546475,12,129,71,78,76,81.57894736842107,13.456406039455286
1635749087.7546475,10,-27,72,76,76,81.57894736842107,-2.8670143121816682
1635749089.20911,16,209,71,80,77,80.51948051948054,21.189383845645846
1635749089.20911,12,129,71,79,76,81.57894736842107,13.456406039455286
1635749089.20911,11,51,71,76,76,81.57894736842107,5.403915134496321
1635749089.7658846,10,-27,72,74,76,81.57894736842107,-2.8670143121816682
1635749089.7658846,16,209,71,80,76,81.57894736842107,21.189383845645846
1635749089.7658846,12,129,71,78,76,81.57894736842107,13.456406039455286
1635749089.7658846,11,51,71,76,76,81.57894736842107,5.403915134496321
1635749090.253444,16,209,71,80,77,80.51948051948054,21.189383845645846
1635749090.253444,12,129,71,78,76,81.57894736842107,13.456406039455286
1635749090.253444,11,51,71,76,76,81.57894736842107,5.403915134496321
1635749090.253444,10,-27,72,74,76,81.57894736842107,-2.8670143121816682
1635749090.7025993,10,-27,72,74,76,81.57894736842107,-2.8670143121816682
1635749090.7025993,16,209,71,80,77,80.51948051948054,21.189383845645846
1635749090.7025993,12,129,71,79,76,81.57894736842107,13.456406039455286
1635749090.7025993,11,51,71,76,76,81.57894736842107,5.403915134496321
1635749091.2478628,11,50,71,75,76,81.57894736842107,5.298565069899935
1635749091.2478628,16,209,71,81,76,81.57894736842107,21.189383845645846
1635749091.2478628,12,129,71,78,76,81.57894736842107,13.456406039455286
1635749091.8039138,16,209,71,80,77,80.51948051948054,21.189383845645846
1635749091.8039138,12,129,71,78,76,81.57894736842107,13.456406039455286
1635749091.8039138,11,51,71,76,76,81.57894736842107,5.403915134496321
1635749091.8039138,10,-27,72,75,76,81.57894736842107,-2.8670143121816682
1635749092.3727262,16,208,71,81,76,81.57894736842107,21.096936185976894
1635749092.3727262,12,129,71,78,76,81.57894736842107,13.456406039455286
1635749092.3727262,11,50,71,75,76,81.57894736842107,5.298565069899935
1635749092.3727262,10,-27,72,74,76,81.57894736842107,-2.8670143121816682
1635749092.943502,12,129,71,78,76,81.57894736842107,13.456406039455286
1635749092.943502,16,208,71,81,77,80.51948051948054,21.096936185976894
1635749092.943502,11,51,71,76,76,81.57894736842107,5.403915134496321
1635749092.943502,10,-27,72,75,76,81.57894736842107,-2.8670143121816682
1635749093.489291,16,209,71,80,76,81.57894736842107,21.189383845645846
1635749093.489291,12,129,71,78,76,81.57894736842107,13.456406039455286
1635749093.489291,11,51,71,76,76,81.57894736842107,5.403915134496321
1635749094.0884304,16,209,71,80,77,80.51948051948054,21.189383845645846
1635749094.0884304,12,129,71,78,76,81.57894736842107,13.456406039455286
1635749094.0884304,11,50,71,75,76,81.57894736842107,5.298565069899935
1635749094.0884304,10,-27,72,75,76,81.57894736842107,-2.8670143121816682
1635749094.6150827,16,209,71,80,77,80.51948051948054,21.189383845645846
1635749094.6150827,12,129,71,78,76,81.57894736842107,13.456406039455286
1635749094.6150827,11,51,71,76,76,81.57894736842107,5.403915134496321
1635749095.1139586,16,209,71,80,76,81.57894736842107,21.189383845645846
1635749095.1139586,12,129,71,78,76,81.57894736842107,13.456406039455286
1635749095.1139586,11,51,71,76,76,81.57894736842107,5.403915134496321
1635749095.624333,16,208,71,81,77,80.51948051948054,21.096936185976894
1635749095.624333,12,129,71,78,76,81.57894736842107,13.456406039455286
1635749095.624333,10,-27,72,75,76,81.57894736842107,-2.8670143121816682
1635749096.2776856,16,208,71,81,77,80.51948051948054,21.096936185976894
1635749096.2776856,12,129,71,78,76,81.57894736842107,13.456406039455286
1635749096.2776856,11,51,71,76,76,81.57894736842107,5.403915134496321
1635749096.8070536,16,209,71,80,76,81.57894736842107,21.189383845645846
1635749096.8070536,12,129,71,78,76,81.57894736842107,13.456406039455286
1635749096.8070536,11,51,71,76,76,81.57894736842107,5.403915134496321
1635749097.296996,10,-27,72,76,76,81.57894736842107,-2.8670143121816682
1635749097.296996,16,209,71,80,76,81.57894736842107,21.189383845645846
1635749097.296996,12,129,71,78,76,81.57894736842107,13.456406039455286
1635749097.296996,11,51,71,76,76,81.57894736842107,5.403915134496321
1635749097.8122976,10,-27,72,75,76,81.57894736842107,-2.8670143121816682
1635749097.8122976,16,208,71,81,76,81.57894736842107,21.096936185976894
1635749097.8122976,12,129,71,79,76,81.57894736842107,13.456406039455286
1635749097.8122976,11,51,71,76,76,81.57894736842107,5.403915134496321
1635749098.3755393,16,208,71,81,76,81.57894736842107,21.096936185976894
1635749098.3755393,12,129,71,78,76,81.57894736842107,13.456406039455286
1635749098.940811,12,129,71,78,77,80.51948051948054,13.456406039455286
1635749098.940811,10,-27,72,76,76,81.57894736842107,-2.8670143121816682
1635749098.940811,16,208,71,81,77,80.51948051948054,21.096936185976894
1635749098.940811,11,50,71,75,76,81.57894736842107,5.298565069899935
1635749099.5294764,10,-27,72,74,76,81.57894736842107,-2.8670143121816682
1635749099.5294764,16,208,71,81,76,81.57894736842107,21.096936185976894
1635749099.5294764,12,129,71,78,76,81.57894736842107,13.456406039455286
1635749099.5294764,11,51,71,76,76,81.57894736842107,5.403915134496321
1635749100.0258691,16,209,71,80,76,81.57894736842107,21.189383845645846
1635749100.0258691,12,129,71,78,76,81.57894736842107,13.456406039455286
1635749100.0258691,11,51,71,76,76,81.57894736842107,5.403915134496321
1635749100.5511405,12,129,71,78,77,80.51948051948054,13.456406039455286
1635749100.5511405,10,-27,72,74,76,81.57894736842107,-2.8670143121816682
1635749100.5511405,16,209,71,82,76,81.57894736842107,21.189383845645846
1635749100.5511405,11,51,71,76,76,81.57894736842107,5.403915134496321
1635749101.053328,12,129,71,78,76,81.57894736842107,13.456406039455286
1635749101.053328,16,208,71,81,77,80.51948051948054,21.096936185976894
1635749101.053328,11,51,71,76,76,81.57894736842107,5.403915134496321
1635749101.5567386,10,-28,72,75,77,80.51948051948054,-2.9730129222649775
1635749101.5567386,16,208,71,81,76,81.57894736842107,21.096936185976894
1635749101.5567386,12,129,71,78,76,81.57894736842107,13.456406039455286
1635749101.5567386,11,51,71,76,76,81.57894736842107,5.403915134496321
1635749101.9581997,16,209,71,80,77,80.51948051948054,21.189383845645846
1635749101.9581997,12,129,71,78,77,80.51948051948054,13.456406039455286
1635749101.9581997,11,51,71,76,76,81.57894736842107,5.403915134496321
1635749102.461261,16,208,71,81,76,81.57894736842107,21.096936185976894
1635749102.461261,12,129,71,78,77,80.51948051948054,13.456406039455286
1635749102.461261,11,51,71,76,76,81.57894736842107,5.403915134496321
1635749103.0784748,10,-27,72,75,76,81.57894736842107,-2.8670143121816682
1635749103.0784748,16,208,71,81,77,80.51948051948054,21.096936185976894
1635749103.0784748,12,129,71,78,76,81.57894736842107,13.456406039455286
1635749103.0784748,11,51,71,76,76,81.57894736842107,5.403915134496321
1635749103.6069596,16,208,71,81,76,81.57894736842107,21.096936185976894
1635749103.6069596,12,129,71,78,76,81.57894736842107,13.456406039455286
1635749103.6069596,11,51,71,76,76,81.57894736842107,5.403915134496321
1635749104.0815165,16,209,71,80,76,81.57894736842107,21.189383845645846
1635749104.0815165,12,129,71,78,76,81.57894736842107,13.456406039455286
1635749104.0815165,11,51,71,76,76,81.57894736842107,5.403915134496321
1635749104.6334157,16,209,71,80,76,81.57894736842107,21.189383845645846
1635749104.6334157,12,129,71,79,76,81.57894736842107,13.456406039455286
1635749105.3271718,10,-27,72,75,76,81.57894736842107,-2.8670143121816682
1635749105.3271718,16,209,71,80,77,80.51948051948054,21.189383845645846
1635749105.3271718,12,129,71,78,76,81.57894736842107,13.456406039455286
1635749105.3271718,11,51,71,76,76,81.57894736842107,5.403915134496321
1635749105.8484623,11,50,71,75,76,81.57894736842107,5.298565069899935
1635749105.8484623,16,209,71,80,76,81.57894736842107,21.189383845645846
1635749105.8484623,12,129,71,78,76,81.57894736842107,13.456406039455286
1635749105.8484623,10,-27,72,75,76,81.57894736842107,-2.8670143121816682
1635749106.4400804,12,129,71,78,76,81.57894736842107,13.456406039455286
1635749106.4400804,11,50,71,75,76,81.57894736842107,5.298565069899935
1635749106.4400804,16,208,71,81,77,80.51948051948054,21.096936185976894
1635749107.0325892,10,-27,71,75,75,82.66666666666669,-2.8670143121816682
1635749107.0325892,16,208,71,81,76,81.57894736842107,21.096936185976894
1635749107.0325892,12,129,71,78,76,81.57894736842107,13.456406039455286
1635749107.0325892,11,51,71,76,76,81.57894736842107,5.403915134496321
1635749107.5827124,16,209,71,80,77,80.51948051948054,21.189383845645846
1635749107.5827124,12,129,71,79,77,80.51948051948054,13.456406039455286
1635749107.5827124,11,50,71,75,76,81.57894736842107,5.298565069899935
1635749108.081528,16,208,71,81,76,81.57894736842107,21.096936185976894
1635749108.081528,12,129,71,78,76,81.57894736842107,13.456406039455286
1635749108.081528,11,51,71,76,76,81.57894736842107,5.403915134496321
1635749108.5903184,10,-27,72,76,76,81.57894736842107,-2.8670143121816682
1635749108.5903184,16,209,71,80,76,81.57894736842107,21.189383845645846
1635749108.5903184,12,129,71,79,76,81.57894736842107,13.456406039455286
1635749108.5903184,11,51,71,76,76,81.57894736842107,5.403915134496321
1635749109.146308,16,208,71,81,77,80.51948051948054,21.096936185976894
1635749109.146308,12,129,71,78,76,81.57894736842107,13.456406039455286
1635749109.146308,11,51,71,76,76,81.57894736842107,5.403915134496321
1635749109.6851802,10,-27,72,75,76,81.57894736842107,-2.8670143121816682
1635749109.6851802,16,208,71,81,76,81.57894736842107,21.096936185976894
1635749109.6851802,12,129,71,78,76,81.57894736842107,13.456406039455286
1635749109.6851802,11,50,71,75,76,81.57894736842107,5.298565069899935
1635749110.1800673,10,-27,72,76,76,81.57894736842107,-2.8670143121816682
1635749110.1800673,16,209,71,80,77,80.51948051948054,21.189383845645846
1635749110.1800673,12,129,71,78,76,81.57894736842107,13.456406039455286
1635749110.1800673,11,51,71,76,76,81.57894736842107,5.403915134496321
1635749110.6689847,16,208,71,81,76,81.57894736842107,21.096936185976894
1635749110.6689847,12,129,71,78,76,81.57894736842107,13.456406039455286
1635749110.6689847,11,50,71,75,76,81.57894736842107,5.298565069899935
1635749111.2107067,16,208,71,81,76,81.57894736842107,21.096936185976894
1635749111.2107067,12,129,71,78,76,81.57894736842107,13.456406039455286
1635749111.2107067,11,51,70,76,75,82.66666666666669,5.403915134496321
1635749111.7410133,10,-27,71,75,75,82.66666666666669,-2.8670143121816682
1635749111.7410133,16,209,71,80,77,80.51948051948054,21.189383845645846
1635749111.7410133,12,129,71,78,77,80.51948051948054,13.456406039455286
1635749111.7410133,11,51,71,76,76,81.57894736842107,5.403915134496321
1635749112.2182817,16,208,71,81,76,81.57894736842107,21.096936185976894
1635749112.2182817,12,129,71,78,76,81.57894736842107,13.456406039455286
1635749112.2182817,11,50,71,75,76,81.57894736842107,5.298565069899935
1635749112.835554,16,209,71,81,76,81.57894736842107,21.189383845645846
1635749112.835554,12,129,71,78,77,80.51948051948054,13.456406039455286
1635749112.835554,11,51,71,76,76,81.57894736842107,5.403915134496321
1635749113.2201905,10,-28,72,75,76,81.57894736842107,-2.9730129222649775
1635749113.2201905,16,208,71,81,77,80.51948051948054,21.096936185976894
1635749113.2201905,12,129,71,78,76,81.57894736842107,13.456406039455286
1635749113.2201905,11,50,70,75,75,82.66666666666669,5.298565069899935
1635749113.7844465,16,209,71,80,77,80.51948051948054,21.189383845645846
1635749113.7844465,12,129,71,78,77,80.51948051948054,13.456406039455286
1635749113.7844465,11,51,71,76,76,81.57894736842107,5.403915134496321
1635749114.2989116,16,209,71,80,76,81.57894736842107,21.189383845645846
1635749114.2989116,12,129,71,78,76,81.57894736842107,13.456406039455286
1635749114.2989116,11,50,71,75,76,81.57894736842107,5.298565069899935
1635749114.7690191,16,209,71,80,76,81.57894736842107,21.189383845645846
1635749114.7690191,12,129,71,78,76,81.57894736842107,13.456406039455286
1635749114.7690191,11,51,71,76,76,81.57894736842107,5.403915134496321
1635749115.1615062,10,-27,71,75,75,82.66666666666669,-2.8670143121816682
1635749115.1615062,16,208,71,81,77,80.51948051948054,21.096936185976894
1635749115.1615062,12,129,71,78,77,80.51948051948054,13.456406039455286
1635749115.1615062,11,51,71,76,76,81.57894736842107,5.403915134496321
1635749115.6595886,10,-27,71,75,75,82.66666666666669,-2.8670143121816682
1635749115.6595886,16,208,71,81,77,80.51948051948054,21.096936185976894
1635749115.6595886,12,129,71,78,77,80.51948051948054,13.456406039455286
1635749115.6595886,11,51,71,76,76,81.57894736842107,5.403915134496321
1635749116.1179938,10,-27,71,75,75,82.66666666666669,-2.8670143121816682
1635749116.1179938,16,208,71,81,76,81.57894736842107,21.096936185976894
1635749116.1179938,12,129,71,78,77,80.51948051948054,13.456406039455286
1635749116.7242434,10,-27,72,76,76,81.57894736842107,-2.8670143121816682
1635749116.7242434,16,209,71,81,77,80.51948051948054,21.189383845645846
1635749116.7242434,12,129,71,78,76,81.57894736842107,13.456406039455286
1635749116.7242434,11,51,71,76,76,81.57894736842107,5.403915134496321
1635749117.2159052,10,-27,71,75,75,82.66666666666669,-2.8670143121816682
1635749117.2159052,16,208,71,81,76,81.57894736842107,21.096936185976894
1635749117.2159052,12,129,71,79,77,80.51948051948054,13.456406039455286
1635749117.2159052,11,51,71,76,76,81.57894736842107,5.403915134496321
1635749117.7421427,16,208,71,81,77,80.51948051948054,21.096936185976894
1635749117.7421427,11,51,71,76,76,81.57894736842107,5.403915134496321
1635749118.3046849,10,-27,71,75,75,82.66666666666669,-2.8670143121816682
1635749118.3046849,16,208,71,81,77,80.51948051948054,21.096936185976894
1635749118.3046849,12,129,71,78,76,81.57894736842107,13.456406039455286
1635749118.3046849,11,51,71,76,76,81.57894736842107,5.403915134496321
1635749118.7810185,16,209,71,80,76,81.57894736842107,21.189383845645846
1635749118.7810185,12,129,71,78,77,80.51948051948054,13.456406039455286
1635749118.7810185,11,51,71,76,76,81.57894736842107,5.403915134496321
1635749119.309907,10,-27,71,75,75,82.66666666666669,-2.8670143121816682
1635749119.309907,16,208,71,81,76,81.57894736842107,21.096936185976894
1635749119.309907,12,129,71,78,77,80.51948051948054,13.456406039455286
1635749119.309907,11,51,71,76,76,81.57894736842107,5.403915134496321
1635749119.8155463,11,50,71,75,76,81.57894736842107,5.298565069899935
1635749119.8155463,16,208,71,81,76,81.57894736842107,21.096936185976894
1635749119.8155463,12,129,71,78,76,81.57894736842107,13.456406039455286
1635749120.2952023,11,51,71,76,76,81.57894736842107,5.403915134496321
1635749120.2952023,16,208,71,81,76,81.57894736842107,21.096936185976894
1635749120.2952023,12,129,71,78,77,80.51948051948054,13.456406039455286
1635749120.8307564,16,208,71,81,77,80.51948051948054,21.096936185976894
1635749120.8307564,12,129,71,78,76,81.57894736842107,13.456406039455286
1635749120.8307564,11,51,71,76,76,81.57894736842107,5.403915134496321
1635749121.3055933,11,50,71,75,76,81.57894736842107,5.298565069899935
1635749121.3055933,16,209,71,80,77,80.51948051948054,21.189383845645846
1635749121.3055933,12,129,71,78,76,81.57894736842107,13.456406039455286
1635749121.799645,11,51,71,76,76,81.57894736842107,5.403915134496321
1635749121.799645,16,209,71,80,77,80.51948051948054,21.189383845645846
1635749121.799645,12,129,71,78,77,80.51948051948054,13.456406039455286
1635749122.2435024,10,-28,72,75,76,81.57894736842107,-2.9730129222649775
1635749122.2435024,11,51,71,76,76,81.57894736842107,5.403915134496321
1635749122.2435024,16,208,72,81,76,81.57894736842107,21.096936185976894
1635749122.2435024,12,129,71,78,77,80.51948051948054,13.456406039455286
1635749122.7066169,10,-27,72,75,76,81.57894736842107,-2.8670143121816682
1635749122.7066169,16,208,71,81,76,81.57894736842107,21.096936185976894
1635749122.7066169,12,129,71,78,76,81.57894736842107,13.456406039455286
1635749122.7066169,11,51,71,76,76,81.57894736842107,5.403915134496321
1635749123.189836,10,-27,72,75,76,81.57894736842107,-2.8670143121816682
1635749123.189836,11,51,71,76,76,81.57894736842107,5.403915134496321
1635749123.189836,16,209,71,82,77,80.51948051948054,21.189383845645846
1635749123.189836,12,129,71,78,77,80.51948051948054,13.456406039455286
1635749123.6156445,16,208,71,81,76,81.57894736842107,21.096936185976894
1635749123.6156445,12,129,71,78,77,80.51948051948054,13.456406039455286
1635749123.6156445,11,51,71,76,76,81.57894736842107,5.403915134496321
1635749124.0913632,12,129,71,78,76,81.57894736842107,13.456406039455286
1635749124.0913632,11,51,71,76,76,81.57894736842107,5.403915134496321
1635749124.6922672,10,-27,72,75,76,81.57894736842107,-2.8670143121816682
1635749124.6922672,16,208,71,81,77,80.51948051948054,21.096936185976894
1635749124.6922672,11,51,71,76,76,81.57894736842107,5.403915134496321
1635749125.2167027,11,51,71,76,76,81.57894736842107,5.403915134496321
1635749125.2167027,16,208,71,81,76,81.57894736842107,21.096936185976894
1635749125.2167027,12,129,71,78,77,80.51948051948054,13.456406039455286
1635749125.7744136,10,-27,72,75,76,81.57894736842107,-2.8670143121816682
1635749125.7744136,16,208,71,81,77,80.51948051948054,21.096936185976894
1635749125.7744136,12,129,71,78,77,80.51948051948054,13.456406039455286
1635749125.7744136,11,51,71,76,76,81.57894736842107,5.403915134496321
1635749126.2326484,16,208,71,81,76,81.57894736842107,21.096936185976894
1635749126.2326484,11,51,71,76,76,81.57894736842107,5.403915134496321
1635749126.8042235,10,17,70,77,77,80.51948051948054,1.806066883527694
1635749126.8042235,11,97,70,80,77,80.51948051948054,10.199498041433117
1635749126.8042235,12,179,71,85,80,77.50000000000001,18.36699878105277
1635749126.8042235,16,264,71,87,80,77.50000000000001,26.089948061833176
1635749127.114294,10,58,71,80,78,79.4871794871795,6.140301141305523
1635749127.114294,11,140,71,87,80,77.50000000000001,14.556902633910628
1635749127.114294,12,228,71,92,83,74.6987951807229,22.923658715156016
1635749127.434594,10,99,72,83,81,76.54320987654322,10.40524832365576
1635749127.434594,11,186,73,92,84,73.80952380952382,19.034434354835188
1635749127.809714,10,106,74,86,83,74.6987951807229,11.12320925012442
1635749127.809714,11,195,75,95,86,72.09302325581396,19.884730425939498
1635749128.205035,10,93,74,87,85,72.94117647058825,9.787203664656111
1635749128.205035,11,183,75,95,87,71.26436781609196,18.74903541444329
1635749128.5796509,10,66,74,85,86,72.09302325581396,6.979385101571969
1635749128.5796509,11,155,74,93,87,71.26436781609196,16.039943306049665
1635749128.5796509,12,251,75,99,90,68.8888888888889,24.96501600045778
1635749128.8904452,10,49,73,85,85,72.94117647058825,5.1931790634241475
1635749128.8904452,11,139,74,93,89,69.66292134831461,14.457296979738553
1635749129.3726,10,49,75,88,88,70.45454545454547,5.1931790634241475
1635749129.3726,11,142,75,96,91,68.13186813186815,14.755843914731853
1635749129.3726,12,240,76,101,94,65.95744680851065,23.996777288565738
1635749129.7100005,10,41,75,90,91,68.13186813186815,4.348880799665057
1635749129.7100005,11,135,75,97,93,66.66666666666667,14.05798553291573
1635749129.7100005,12,235,75,102,95,65.26315789473685,23.551765868612073
1635749130.08339,10,22,74,91,92,67.3913043478261,2.3367410088134952
1635749130.08339,11,118,74,97,94,65.95744680851065,12.345701541512671
1635749130.08339,12,218,74,102,95,65.26315789473685,22.01618412969245
1635749130.4093373,10,7,73,93,93,66.66666666666667,0.74387920879624
1635749130.4093373,11,104,73,97,95,65.26315789473685,10.918428084857842
1635749130.4093373,12,204,74,102,96,64.58333333333334,20.725995830978334
1635749130.7428024,10,9,74,95,96,64.58333333333334,0.9563810345917811
1635749130.7428024,11,109,74,101,97,63.917525773195884,11.429840684630294
1635749130.7428024,12,212,74,106,99,62.62626262626264,21.466032736430833
1635749131.1220655,10,13,76,99,100,62.00000000000001,1.3812999174368017
1635749131.1220655,12,223,77,109,102,60.78431372549021,22.47140764411092
1635749131.1220655,11,117,76,105,102,60.78431372549021,12.244246202334178
1635749131.5609152,10,17,73,104,103,60.194174757281566,1.806066883527694
1635749131.5609152,11,124,73,109,105,59.04761904761906,12.952764513375518
1635749131.5609152,12,236,73,114,107,57.94392523364487,23.641011588162154
1635749131.8926353,10,19,75,107,108,57.40740740740742,2.018378836856321
1635749131.8926353,11,131,75,114,109,56.88073394495414,13.657275522629282
1635749131.8926353,12,246,75,119,111,55.855855855855864,24.526755108495042
1635749132.2675657,10,20,75,110,111,55.855855855855864,2.124514387441452
1635749132.2675657,11,136,76,119,114,54.38596491228071,14.157945744790373
1635749132.2675657,12,256,75,123,115,53.913043478260875,25.400177603160106
1635749132.639258,10,22,77,116,117,52.991452991453,2.3367410088134952
1635749132.639258,11,142,78,123,118,52.54237288135594,14.755843914731853
1635749133.0148375,10,22,78,120,121,51.23966942148761,2.3367410088134952
1635749133.0148375,11,148,79,129,124,50.00000000000001,15.350473498668093
1635749133.363523,10,4,79,124,126,49.206349206349216,0.425089919132221
1635749133.363523,11,133,79,131,126,49.206349206349216,13.857803363474689
1635749133.7477462,10,0,80,129,130,47.6923076923077,0.0
1635749133.7477462,11,135,79,136,131,47.328244274809165,14.05798553291573
1635749134.0824733,10,3,79,135,135,45.92592592592593,0.3188199986227441
1635749134.0824733,11,144,79,142,137,45.25547445255475,14.95442198679177
1635749134.3919978,11,152,80,149,143,43.35664335664336,15.745027649154892
1635749134.7657032,10,10,83,149,149,41.61073825503356,1.0626224461126088
1635749134.7657032,11,165,83,158,151,41.05960264900663,17.016645682135483
1635749135.0867336,10,14,85,155,156,39.74358974358975,1.4875077226255586
1635749135.0867336,11,176,84,167,159,38.99371069182391,18.079355067310914
1635749135.4159813,10,17,85,163,164,37.804878048780495,1.806066883527694
1635749135.4159813,11,187,84,174,166,37.34939759036145,19.12935054867832
1635749135.649384,10,14,87,169,168,36.90476190476191,1.4875077226255586
1635749135.649384,11,189,85,179,171,36.257309941520475,19.318855748568993
1635749135.8746245,10,7,88,171,172,36.04651162790698,0.74387920879624
1635749135.8746245,11,186,87,182,175,35.42857142857143,19.034434354835188
1635749136.0970647,10,-3,90,176,176,35.227272727272734,-0.3188199986227441
1635749136.0970647,11,179,89,184,178,34.831460674157306,18.36699878105277
1635749136.324685,10,-19,91,181,181,34.25414364640884,-2.018378836856321
1635749136.324685,11,167,90,185,181,34.25414364640884,17.210788777144447
1635749136.558757,10,-27,94,188,188,32.97872340425533,-2.8670143121816682
1635749136.558757,11,165,92,190,186,33.333333333333336,17.016645682135483
1635749136.7976563,10,-28,97,196,197,31.472081218274116,-2.9730129222649775
1635749136.7976563,11,172,95,199,195,31.7948717948718,17.694360399947715
1635749137.0179067,10,-31,99,205,205,30.243902439024396,-3.2908836860672923
1635749137.0179067,11,177,97,207,203,30.54187192118227,18.175341896811013
1635749137.2660732,10,-55,102,214,214,28.971962616822434,-5.824942124530689
1635749137.2660732,11,160,99,207,209,29.665071770334933,16.52952974363854
1635749137.4853778,11,136,100,206,214,28.971962616822434,14.157945744790373
1635749137.4853778,10,-85,103,222,222,27.927927927927932,-8.959575995474442
1635749137.7284312,11,112,100,207,218,28.44036697247707,11.735810008694882
1635749137.7284312,10,-115,104,232,231,26.839826839826845,-12.041101970999687
1635749137.994546,11,83,101,209,225,27.55555555555556,8.752064820144541
1635749137.994546,10,-153,106,248,245,25.306122448979597,-15.843428839849183
1635749138.2477725,11,69,103,216,234,26.4957264957265,7.293287078020637
1635749138.2477725,10,-177,109,264,258,24.031007751937988,-18.175341896811013
1635749138.5141404,11,53,106,223,244,25.409836065573774,5.614504665163061
1635749138.780596,11,38,109,231,255,24.31372549019608,4.031760588950713
1635749139.0227075,11,21,110,239,265,23.396226415094343,2.2306353530719227
1635749139.2652254,12,210,101,191,233,26.60944206008584,21.281715998314297
1635749139.2652254,11,-11,110,245,269,23.048327137546472,-1.1688565501000576
1635749139.4900053,12,186,101,188,235,26.38297872340426,19.034434354835188
1635749139.834454,12,165,102,190,240,25.833333333333336,17.016645682135483
1635749140.1442614,12,145,102,191,247,25.10121457489879,15.053573641452305
1635749140.4090176,12,130,103,194,253,24.505928853754945,13.55688323266358
1635749145.1045992,7,277,74,92,82,75.60975609756099,27.19366015235809
1635749145.3970003,7,241,72,89,81,76.54320987654322,24.08541352897193
1635749145.7343824,7,219,72,89,80,77.50000000000001,22.10746528048097
1635749146.078935,7,199,73,87,83,74.6987951807229,20.25975423688004
1635749146.4222546,7,153,72,82,78,79.4871794871795,15.843428839849183
1635749146.4222546,8,241,72,94,83,74.6987951807229,24.08541352897193
1635749146.7839625,7,130,71,81,79,78.48101265822785,13.55688323266358
1635749146.7839625,8,217,72,92,82,75.60975609756099,21.92478522054117
1635749147.2072883,7,109,72,81,80,77.50000000000001,11.429840684630294
1635749147.2072883,8,195,71,91,83,74.6987951807229,19.884730425939498
1635749147.610644,8,173,72,90,84,73.80952380952382,17.790765425423544
1635749147.610644,9,266,72,99,86,72.09302325581396,26.26113696159187
1635749147.9809053,7,69,72,79,80,77.50000000000001,7.293287078020637
1635749147.9809053,8,155,72,90,83,74.6987951807229,16.039943306049665
1635749147.9809053,9,247,72,97,87,71.26436781609196,24.614654361779593
1635749148.3297474,7,51,72,80,81,76.54320987654322,5.403915134496321
1635749148.3297474,8,136,73,89,84,73.80952380952382,14.157945744790373
1635749148.3297474,9,227,73,97,87,71.26436781609196,22.833447608379913
1635749148.7034092,8,134,74,92,85,72.94117647058825,13.957937907080732
1635749148.7034092,7,47,73,82,83,74.6987951807229,4.982302006398639
1635749148.7034092,9,227,74,99,89,69.66292134831461,22.833447608379913
1635749149.1247628,7,48,74,84,85,72.94117647058825,5.0877578101051295
1635749149.1247628,8,139,75,94,89,69.66292134831461,14.457296979738553
1635749149.6368623,7,36,75,86,88,70.45454545454547,3.8202083666617566
1635749149.6368623,8,127,75,96,91,68.13186813186815,13.255198990360212
1635749149.6368623,9,224,75,102,93,66.66666666666667,22.562096537309067
1635749150.058268,8,115,75,95,90,68.8888888888889,12.041101970999687
1635749150.058268,7,22,74,87,88,70.45454545454547,2.3367410088134952
1635749150.058268,9,212,74,103,93,66.66666666666667,21.466032736430833
1635749150.4971063,7,5,75,89,90,68.8888888888889,0.5313569149387267
1635749150.4971063,8,99,75,95,93,66.66666666666667,10.40524832365576
1635749151.0899312,7,-17,75,92,94,65.95744680851065,-1.806066883527694
1635749151.0899312,9,179,75,104,96,64.58333333333334,18.36699878105277
1635749151.0899312,8,80,75,97,94,65.95744680851065,8.440365275506633
1635749151.5895545,7,-19,76,95,98,63.26530612244899,-2.018378836856321
1635749151.5895545,8,83,75,101,99,62.62626262626264,8.752064820144541
1635749151.5895545,9,187,76,108,100,62.00000000000001,19.12935054867832
1635749151.9552999,7,-36,76,98,100,62.00000000000001,-3.8202083666617566
1635749151.9552999,9,173,75,109,101,61.3861386138614,17.790765425423544
1635749152.3606055,7,-37,77,102,104,59.61538461538463,-3.9259978795075465
1635749152.3606055,8,69,76,105,104,59.61538461538463,7.293287078020637
1635749152.3606055,9,179,76,113,106,58.49056603773586,18.36699878105277
1635749152.7755234,7,-35,77,106,109,56.88073394495414,-3.714392761786679
1635749152.7755234,8,76,76,111,109,56.88073394495414,8.023984801010398
1635749152.7755234,9,190,76,119,110,56.363636363636374,19.413444096195985
1635749153.1845648,9,197,78,123,116,53.448275862068975,20.07246656737335
1635749153.1845648,7,-37,80,112,116,53.448275862068975,-3.9259978795075465
1635749153.6034324,7,-58,81,116,118,52.54237288135594,-6.140301141305523
1635749153.6034324,9,181,78,123,117,52.991452991453,18.558230898863858
1635749153.953859,8,46,80,119,119,52.10084033613446,4.87681235015335
1635749153.953859,9,167,80,123,118,52.54237288135594,17.210788777144447
1635749153.953859,7,-78,82,121,122,50.81967213114755,-8.232284483481385
1635749154.2669253,8,48,81,123,122,50.81967213114755,5.0877578101051295
1635749154.2669253,9,172,80,129,121,51.23966942148761,17.694360399947715
1635749154.2669253,7,-80,83,123,126,49.206349206349216,-8.440365275506633
1635749154.5740743,8,51,81,126,126,49.206349206349216,5.403915134496321
1635749154.5740743,9,179,80,133,126,49.206349206349216,18.36699878105277
1635749154.5740743,7,-81,82,127,129,48.062015503875976,-8.54432198150461
1635749154.8840992,8,54,82,130,132,46.969696969696976,5.719742748496919
1635749154.8840992,7,-83,84,132,134,46.268656716417915,-8.752064820144541
1635749154.8840992,9,187,81,137,131,47.328244274809165,19.12935054867832
1635749155.2042537,8,57,82,136,137,45.25547445255475,6.03522200610085
1635749155.2042537,9,197,81,145,137,45.25547445255475,20.07246656737335
1635749155.2042537,7,-86,84,139,141,43.971631205673766,-9.063243130687955
1635749155.4548628,9,204,82,148,142,43.66197183098592,20.725995830978334
1635749155.821024,8,64,85,149,150,41.33333333333334,6.769881767673709
1635749155.821024,7,-91,87,150,152,40.789473684210535,-9.58066925009003
1635749155.821024,9,215,84,157,148,41.891891891891895,21.741635082339087
1635749156.0567524,9,229,85,165,154,40.25974025974027,23.013749847125784
1635749156.0567524,8,72,85,157,155,40.00000000000001,7.606749474630248
1635749156.0567524,7,-89,88,155,158,39.24050632911393,-9.373883203052992
1635749156.365455,7,-45,88,156,159,38.99371069182391,-4.771289540584061
1635749156.7638676,7,-23,88,161,165,37.57575757575758,-2.4428306303611227
1635749156.7638676,8,151,88,180,170,36.47058823529412,15.64653107388349
1635749157.078738,7,-22,90,170,175,35.42857142857143,-2.3367410088134952
1635749157.078738,8,161,89,191,181,34.25414364640884,16.6271522388117
1635749157.4210734,7,-21,92,180,184,33.69565217391305,-2.2306353530719227
1635749157.4210734,8,174,92,203,193,32.124352331606225,17.887066461315495
1635749157.6458845,7,-23,95,188,194,31.958762886597942,-2.4428306303611227
1635749157.6458845,8,178,94,211,199,31.155778894472366,18.27122325552057
1635749157.8946226,8,160,95,211,201,30.84577114427861,16.52952974363854
1635749157.8946226,7,-47,95,194,197,31.472081218274116,-4.982302006398639
1635749158.1584747,7,-74,98,201,204,30.392156862745104,-7.815471397254411
1635749158.5406919,8,104,98,210,209,29.665071770334933,10.918428084857842
1635749158.5406919,7,-116,100,213,213,29.10798122065728,-12.142712829376121
1635749158.858016,8,73,99,213,217,28.571428571428577,7.711136174370049
1635749158.858016,7,-154,103,228,224,27.678571428571434,-15.9417342048233
1635749159.128253,8,50,100,216,222,27.927927927927932,5.298565069899935
1635749159.128253,7,-184,104,240,233,26.60944206008584,-18.84427644904627
1635749159.3647304,8,28,101,222,229,27.074235807860266,2.9730129222649775
1635749159.6250553,9,218,98,206,219,28.310502283105027,22.01618412969245
1635749159.6250553,8,2,104,227,238,26.05042016806723,0.212547884480388
1635749159.9012208,9,193,100,206,224,27.678571428571434,19.69654824538426
1635749159.9012208,8,-29,107,235,248,25.000000000000004,-3.078991167182793
1635749160.1701097,9,162,102,202,228,27.192982456140356,16.7246754916319
1635749160.1701097,8,-66,110,248,261,23.754789272030656,-6.979385101571969
1635749160.4084518,9,128,102,199,231,26.839826839826845,13.355844454032088
1635749160.4084518,8,-105,111,259,266,23.308270676691734,-11.02085430376855
1635749160.6294172,9,101,102,199,235,26.38297872340426,10.610727614582158
1635749160.6294172,8,-140,111,271,276,22.46376811594203,-14.556902633910628
1635749162.8942075,1,283,79,67,153,40.52287581699347,27.695850441967597
1635749165.9654527,33,275,65,92,83,74.6987951807229,27.02524834505668
1635749166.3100858,33,236,65,89,81,76.54320987654322,23.641011588162154
1635749166.589778,33,195,65,85,80,77.50000000000001,19.884730425939498
1635749166.873153,32,258,66,94,84,73.80952380952382,25.573370599428543
1635749167.202709,33,143,64,81,79,78.48101265822785,14.855178588237854
1635749167.202709,32,231,65,92,85,72.94117647058825,23.19357136790705
1635749167.5772386,33,125,64,80,79,78.48101265822785,13.053658498766145
1635749167.5772386,32,212,65,91,83,74.6987951807229,21.466032736430833
1635749167.8942611,33,112,64,80,80,77.50000000000001,11.735810008694882
1635749167.8942611,32,198,65,91,83,74.6987951807229,20.16616661121554
1635749168.2173178,33,97,63,79,82,75.60975609756099,10.199498041433117
1635749168.2173178,32,184,65,90,84,73.80952380952382,18.84427644904627
1635749168.5663393,33,76,64,79,80,77.50000000000001,8.023984801010398
1635749168.5663393,32,162,65,88,84,73.80952380952382,16.7246754916319
1635749168.5663393,31,255,66,96,87,71.26436781609196,25.313394061515783
1635749168.9520605,33,69,63,79,81,76.54320987654322,7.293287078020637
1635749168.9520605,32,155,65,89,85,72.94117647058825,16.039943306049665
1635749168.9520605,31,249,65,96,89,69.66292134831461,24.790082554948466
1635749169.354861,33,60,63,80,81,76.54320987654322,6.350334386893197
1635749169.354861,32,147,65,89,85,72.94117647058825,15.251599858657364
1635749169.354861,31,242,66,96,89,69.66292134831461,24.17392734930822
1635749169.7089453,33,49,65,81,82,75.60975609756099,5.1931790634241475
1635749169.7089453,32,138,67,90,86,72.09302325581396,14.357601956885965
1635749169.7089453,31,233,68,96,90,68.8888888888889,23.372910562377935
1635749170.0758781,33,37,66,82,84,73.80952380952382,3.9259978795075465
1635749170.0758781,31,220,69,97,90,68.8888888888889,22.198628437866404
1635749170.0758781,32,125,66,91,89,69.66292134831461,13.053658498766145
1635749170.4651651,33,37,66,85,86,72.09302325581396,3.9259978795075465
1635749170.4651651,32,129,66,93,94,65.95744680851065,13.456406039455286
1635749170.4651651,31,227,69,100,93,66.66666666666667,22.833447608379913
1635749170.835836,33,30,66,87,89,69.66292134831461,3.1849483278557194
1635749170.835836,32,124,68,95,92,67.3913043478261,12.952764513375518
1635749170.835836,31,224,70,102,94,65.95744680851065,22.562096537309067
1635749171.1872377,33,11,66,88,90,68.8888888888889,1.1688565501000576
1635749171.1872377,32,106,68,94,93,66.66666666666667,11.12320925012442
1635749171.1872377,31,205,69,101,95,65.26315789473685,20.818902834126483
1635749171.5536256,31,185,69,100,95,65.26315789473685,18.939409542593506
1635749171.9184146,33,-11,66,93,94,65.95744680851065,-1.1688565501000576
1635749171.9184146,32,88,68,97,97,63.917525773195884,9.27039735856775
1635749171.9184146,31,192,69,104,99,62.62626262626264,19.602290664374493
1635749172.2449846,33,-9,66,95,97,63.917525773195884,-0.9563810345917811
1635749172.2449846,31,199,70,107,102,60.78431372549021,20.25975423688004
1635749172.622107,33,-8,66,99,101,61.3861386138614,-0.8501330454313055
1635749172.622107,31,209,70,110,106,58.49056603773586,21.189383845645846
1635749173.0122523,33,-16,66,102,103,60.194174757281566,-1.6998919335324794
1635749173.0122523,32,92,69,107,106,58.49056603773586,9.683968218485054
1635749173.0122523,31,204,70,113,109,56.88073394495414,20.725995830978334
1635749173.3581538,33,-24,67,104,105,59.04761904761906,-2.548903494068427
1635749173.3581538,31,200,71,114,110,56.363636363636374,20.35322914806883
1635749173.3581538,32,86,69,108,108,57.40740740740742,9.063243130687955
1635749173.7558253,33,-28,67,106,108,57.40740740740742,-2.9730129222649775
1635749173.7558253,31,201,70,116,112,55.35714285714287,20.44659105159719
1635749173.7558253,32,85,68,110,112,55.35714285714287,8.959575995474442
1635749174.065373,33,-26,68,111,112,55.35714285714287,-2.7609960568462575
1635749174.065373,32,91,70,115,114,54.38596491228071,9.58066925009003
1635749174.065373,31,212,71,120,118,52.54237288135594,21.466032736430833
1635749174.3922954,31,209,72,123,119,52.10084033613446,21.189383845645846
1635749174.768995,32,77,71,121,121,51.23966942148761,8.12816168126673
1635749174.768995,33,-47,69,119,119,52.10084033613446,-4.982302006398639
1635749174.768995,31,204,73,126,123,50.40650406504066,20.725995830978334
1635749175.1177745,33,-49,71,124,124,50.00000000000001,-5.1931790634241475
1635749175.1177745,31,212,75,131,128,48.43750000000001,21.466032736430833
1635749175.1177745,32,80,72,125,128,48.43750000000001,8.440365275506633
1635749175.4363601,31,221,76,136,133,46.61654135338347,22.28967336980535
1635749175.7911043,33,-52,74,134,134,46.268656716417915,-5.509228563623229
1635749175.7911043,31,231,77,143,139,44.6043165467626,23.19357136790705
1635749176.17232,33,-53,74,142,141,43.971631205673766,-5.614504665163061
1635749176.17232,32,96,77,146,145,42.75862068965518,10.096522770898641
1635749176.4374194,33,-53,75,146,146,42.46575342465754,-5.614504665163061
1635749176.4374194,32,101,74,150,155,40.00000000000001,10.610727614582158
1635749176.6820083,33,-54,75,151,151,41.05960264900663,-5.719742748496919
1635749176.6820083,32,106,78,155,156,39.74358974358975,11.12320925012442
1635749176.9198797,33,-54,75,157,157,39.490445859872615,-5.719742748496919
1635749176.9198797,32,112,78,162,161,38.50931677018634,11.735810008694882
1635749177.170114,33,-57,77,163,163,38.036809815950924,-6.03522200610085
1635749177.170114,32,115,80,168,168,36.90476190476191,12.041101970999687
1635749177.3942633,33,-64,78,168,167,37.125748502994014,-6.769881767673709
1635749177.3942633,32,112,81,172,172,36.04651162790698,11.735810008694882
1635749177.6241121,33,-73,79,172,170,36.47058823529412,-7.711136174370049
1635749177.6241121,32,106,81,174,175,35.42857142857143,11.12320925012442
1635749177.8622553,32,91,80,176,176,35.227272727272734,9.58066925009003
1635749177.8622553,33,-91,78,179,173,35.83815028901735,-9.58066925009003
1635749178.0843763,32,77,80,177,178,34.831460674157306,8.12816168126673
1635749178.0843763,33,-107,77,184,179,34.63687150837989,-11.225492345678969
1635749178.3200297,32,62,80,180,182,34.06593406593407,6.560196400571308
1635749178.3200297,33,-126,78,191,183,33.879781420765035,-13.154470165334144
1635749178.5407205,31,230,81,178,180,34.44444444444445,23.103720798874804
1635749178.5407205,32,43,79,181,183,33.879781420765035,4.560147265001545
1635749178.5407205,33,-148,79,198,188,32.97872340425533,-15.350473498668093
1635749178.7592053,31,218,81,177,182,34.06593406593407,22.01618412969245
1635749178.7592053,32,29,80,185,186,33.333333333333336,3.078991167182793
1635749178.7592053,33,-168,79,207,194,31.958762886597942,-17.307708014004547
1635749178.9810867,31,208,82,182,185,33.513513513513516,21.096936185976894
1635749178.9810867,32,15,81,191,193,32.124352331606225,1.593705304019792
1635749178.9810867,33,-189,81,218,202,30.6930693069307,-19.318855748568993
1635749179.2416708,31,184,83,182,190,32.631578947368425,18.84427644904627
1635749179.2416708,32,-11,83,199,201,30.84577114427861,-1.1688565501000576
1635749179.5149484,31,140,83,178,192,32.29166666666667,14.556902633910628
1635749179.5149484,32,-57,85,209,210,29.52380952380953,-6.03522200610085
1635749179.8417156,31,113,84,180,197,31.472081218274116,11.837650005357451
1635749179.8417156,32,-91,87,221,221,28.05429864253394,-9.58066925009003
1635749180.1440575,31,94,86,186,205,30.243902439024396,9.890374977497379
1635749180.1440575,32,-119,90,238,234,26.4957264957265,-12.447078301350341
1635749180.434347,31,76,88,192,212,29.24528301886793,8.023984801010398
1635749180.434347,32,-147,92,253,248,25.000000000000004,-15.251599858657364
1635749180.6848342,31,61,88,197,221,28.05429864253394,6.455287136785497
1635749180.6848342,32,-171,93,269,261,23.754789272030656,-17.597851763104355
1635749180.9326582,31,48,90,204,229,27.074235807860266,5.0877578101051295
1635749181.2401428,31,20,93,213,240,25.833333333333336,2.124514387441452
1635749185.2027588,34,264,72,92,81,76.54320987654322,26.089948061833176
1635749185.8662333,34,186,71,84,77,80.51948051948054,19.034434354835188
1635749185.8662333,35,275,73,94,82,75.60975609756099,27.02524834505668
1635749186.2272372,34,171,71,83,78,79.4871794871795,17.597851763104355
1635749186.2272372,35,259,72,93,82,75.60975609756099,25.659779802199026
1635749186.5574095,34,149,71,82,79,78.48101265822785,15.449253549730287
1635749186.5574095,35,236,74,92,86,72.09302325581396,23.641011588162154
1635749187.0432084,34,119,71,79,78,79.4871794871795,12.447078301350341
1635749187.5623558,34,105,71,79,78,79.4871794871795,11.02085430376855
1635749187.5623558,35,191,72,90,82,75.60975609756099,19.507922508578496
1635749188.035302,34,97,71,80,80,77.50000000000001,10.199498041433117
1635749188.035302,35,184,72,90,83,74.6987951807229,18.84427644904627
1635749188.4155889,34,74,70,79,80,77.50000000000001,7.815471397254411
1635749188.4155889,35,161,71,88,83,74.6987951807229,16.6271522388117
1635749188.4155889,36,255,73,98,87,71.26436781609196,25.313394061515783
1635749188.7416246,35,136,71,87,84,73.80952380952382,14.157945744790373
1635749188.7416246,36,229,73,96,88,70.45454545454547,23.013749847125784
1635749189.2303414,35,114,72,87,84,73.80952380952382,11.939414178352928
1635749189.2303414,34,29,70,80,81,76.54320987654322,3.078991167182793
1635749189.2303414,36,207,74,96,88,70.45454545454547,21.00437328468872
1635749189.7064447,34,7,70,82,84,73.80952380952382,0.74387920879624
1635749189.7064447,35,94,71,87,85,72.94117647058825,9.890374977497379
1635749189.7064447,36,186,73,95,89,69.66292134831461,19.034434354835188
1635749190.152012,34,8,69,84,86,72.09302325581396,0.8501330454313055
1635749190.802122,34,-14,71,89,90,68.8888888888889,-1.4875077226255586
1635749190.802122,35,80,71,91,91,68.13186813186815,8.440365275506633
1635749190.802122,36,178,74,100,96,64.58333333333334,18.27122325552057
1635749191.2168343,35,68,72,93,93,66.66666666666667,7.188701044455634
1635749191.2168343,34,-27,72,91,92,67.3913043478261,-2.8670143121816682
1635749191.2168343,36,168,74,100,97,63.917525773195884,17.307708014004547
1635749191.2168343,28,270,74,106,97,63.917525773195884,26.602004270640546
1635749191.6726813,34,-25,73,95,95,65.26315789473685,-2.6549588769771035
1635749191.6726813,36,178,76,105,101,61.3861386138614,18.27122325552057
1635749192.209963,34,-25,73,100,100,62.00000000000001,-2.6549588769771035
1635749192.209963,36,188,76,111,106,58.49056603773586,19.224157790184744
1635749192.66524,34,-40,73,104,104,59.61538461538463,-4.243202757619135
1635749192.66524,35,67,74,104,105,59.04761904761906,7.084066830606971
1635749192.66524,36,178,76,112,107,57.94392523364487,18.27122325552057
1635749192.9989924,35,71,76,108,108,57.40740740740742,7.502311953416964
1635749192.9989924,34,-40,74,106,107,57.94392523364487,-4.243202757619135
1635749192.9989924,36,185,77,117,111,55.855855855855864,18.939409542593506
1635749193.420725,35,66,75,112,112,55.35714285714287,6.979385101571969
1635749193.420725,36,185,77,120,116,53.448275862068975,18.939409542593506
1635749193.8891664,35,55,75,117,117,52.991452991453,5.824942124530689
1635749193.8891664,34,-65,74,117,117,52.991452991453,-6.874656524321
1635749193.8891664,36,177,77,123,119,52.10084033613446,18.175341896811013
1635749194.2721446,34,-67,75,122,121,51.23966942148761,-7.084066830606971
1635749194.2721446,35,58,76,121,121,51.23966942148761,6.140301141305523
1635749194.2721446,36,186,78,128,125,49.60000000000001,19.034434354835188
1635749194.6088662,35,63,77,127,126,49.206349206349216,6.665061502275082
1635749194.6088662,34,-68,76,127,125,49.60000000000001,-7.188701044455634
1635749195.050283,35,71,80,134,134,46.268656716417915,7.502311953416964
1635749195.050283,34,-68,79,133,132,46.969696969696976,-7.188701044455634
1635749195.050283,36,211,82,143,137,45.25547445255475,21.373932381663405
1635749195.2980728,34,-68,80,138,137,45.25547445255475,-7.188701044455634
1635749195.2980728,35,75,80,138,137,45.25547445255475,7.9197544899131636
1635749195.2980728,36,221,83,148,143,43.35664335664336,22.28967336980535
1635749195.5463488,34,-68,82,142,142,43.66197183098592,-7.188701044455634
1635749195.5463488,35,79,82,144,143,43.35664335664336,8.336352562554062
1635749195.5463488,36,229,85,153,146,42.46575342465754,23.013749847125784
1635749195.7997715,34,-70,83,148,147,42.17687074829933,-7.397824268101297
1635749195.7997715,35,83,84,149,149,41.61073825503356,8.752064820144541
1635749195.7997715,36,239,87,158,152,40.789473684210535,23.90801879906859
1635749196.066047,34,-72,84,153,152,40.789473684210535,-7.606749474630248
1635749196.4497957,34,-74,84,161,161,38.50931677018634,-7.815471397254411
1635749196.8575842,34,-82,86,173,170,36.47058823529412,-8.648222041878432
1635749196.8575842,35,97,87,175,175,35.42857142857143,10.199498041433117
1635749197.1781247,34,-103,86,182,178,34.831460674157306,-10.815931174266511
1635749197.539922,34,-109,87,193,189,32.80423280423281,-11.429840684630294
1635749197.539922,35,88,88,191,189,32.80423280423281,9.27039735856775
1635749197.9229198,35,96,92,206,205,30.243902439024396,10.096522770898641
1635749197.9229198,34,-116,91,208,204,30.392156862745104,-12.142712829376121
1635749198.2673607,34,-126,93,223,218,28.44036697247707,-13.154470165334144
1635749198.6141908,35,78,95,228,227,27.31277533039648,8.232284483481385
1635749198.6141908,34,-160,95,242,230,26.956521739130437,-16.52952974363854
1635749198.915095,35,42,96,231,234,26.4957264957265,4.454529204005441
1635749199.2671666,35,-4,98,238,246,25.20325203252033,-0.425089919132221
1635749199.5392017,36,222,98,216,238,26.05042016806723,22.380599847244042
1635749199.5392017,35,-18,100,249,256,24.218750000000004,-1.9122294268504203
1635749199.8271296,36,214,99,224,247,25.10121457489879,21.649884338417362
1635749199.8271296,35,-38,102,261,269,23.048327137546472,-4.031760588950713
1635749200.0987446,36,196,100,225,251,24.70119521912351,19.978654404768985
1635749200.0987446,35,-61,103,271,278,22.3021582733813,-6.455287136785497
1635749200.3962157,36,171,103,228,260,23.84615384615385,17.597851763104355
1635749200.6618927,36,149,103,231,267,23.220973782771537,15.449253549730287
1635749200.9809253,36,120,104,237,275,22.54545454545455,12.5483759390987
1635749201.2718925,36,93,105,243,282,21.985815602836883,9.787203664656111
1635749206.112983,10,268,75,100,88,70.45454545454547,26.43182263135065
1635749206.4070187,10,250,75,98,88,70.45454545454547,24.877611194528516
1635749206.6926227,10,235,74,97,87,71.26436781609196,23.551765868612073
1635749207.020373,10,206,74,95,87,71.26436781609196,20.91169541023082
1635749207.3320522,10,177,73,92,85,72.94117647058825,18.175341896811013
1635749207.3320522,11,272,74,101,90,68.8888888888889,26.771681119286118
1635749207.581611,10,154,73,91,85,72.94117647058825,15.9417342048233
1635749207.581611,11,249,74,101,90,68.8888888888889,24.790082554948466
1635749207.8722174,10,134,72,89,85,72.94117647058825,13.957937907080732
1635749207.8722174,11,228,73,99,90,68.8888888888889,22.923658715156016
1635749208.3068914,11,203,73,99,90,68.8888888888889,20.632974678473587
1635749208.74118,10,89,71,88,86,72.09302325581396,9.373883203052992
1635749208.74118,11,182,72,98,90,68.8888888888889,18.653686782192963
1635749209.1450918,10,70,72,87,88,70.45454545454547,7.397824268101297
1635749209.1450918,11,163,72,97,91,68.13186813186815,16.822099089140682
1635749209.1450918,12,263,72,104,93,66.66666666666667,26.004165161959694
1635749209.4834871,10,71,72,90,89,69.66292134831461,7.502311953416964
1635749209.4834871,11,166,73,99,93,66.66666666666667,17.11376786745745
1635749209.4834871,12,268,73,105,95,65.26315789473685,26.43182263135065
1635749209.828292,10,73,74,93,92,67.3913043478261,7.711136174370049
1635749209.828292,11,171,75,103,96,64.58333333333334,17.597851763104355
1635749210.2265608,10,67,73,95,94,65.95744680851065,7.084066830606971
1635749210.2265608,11,166,74,103,96,64.58333333333334,17.11376786745745
1635749210.6180139,10,50,73,95,94,65.95744680851065,5.298565069899935
1635749210.6180139,11,150,74,104,98,63.26530612244899,15.547939558288776
1635749210.6180139,12,256,74,110,100,62.00000000000001,25.400177603160106
1635749210.9544346,10,49,74,97,96,64.58333333333334,5.1931790634241475
1635749210.9544346,11,151,74,106,99,62.62626262626264,15.64653107388349
1635749210.9544346,12,259,75,112,102,60.78431372549021,25.659779802199026
1635749211.3360803,10,50,75,100,100,62.00000000000001,5.298565069899935
1635749211.3360803,11,155,75,109,103,60.194174757281566,16.039943306049665
1635749211.3360803,12,265,75,113,105,59.04761904761906,26.17560536384905
1635749211.7230723,10,34,75,101,102,60.78431372549021,3.6085517773185476
1635749211.7230723,11,142,75,110,105,59.04761904761906,14.755843914731853
1635749211.7230723,12,253,76,115,107,57.94392523364487,25.139453540730653
1635749212.1035666,10,36,78,106,106,58.49056603773586,3.8202083666617566
1635749212.1035666,11,146,78,114,109,56.88073394495414,15.152633086342712
1635749212.1035666,12,262,78,119,110,56.363636363636374,25.91825677320866
1635749212.4813693,10,29,77,109,110,56.363636363636374,3.078991167182793
1635749212.4813693,11,144,77,117,112,55.35714285714287,14.95442198679177
1635749212.4813693,12,262,77,119,114,54.38596491228071,25.91825677320866
1635749212.8659918,10,15,75,112,113,54.86725663716815,1.593705304019792
1635749212.8659918,11,132,75,119,115,53.913043478260875,13.757582401273247
1635749212.8659918,12,254,75,124,115,53.913043478260875,25.226485996516757
1635749213.2497199,10,18,75,117,117,52.991452991453,1.9122294268504203
1635749213.2497199,11,140,76,124,120,51.66666666666667,14.556902633910628
1635749213.6841795,10,23,76,123,122,50.81967213114755,2.4428306303611227
1635749213.6841795,11,152,76,132,125,49.60000000000001,15.745027649154892
1635749214.1093783,10,18,78,127,128,48.43750000000001,1.9122294268504203
1635749214.5306282,10,10,78,130,131,47.328244274809165,1.0626224461126088
1635749214.5306282,11,147,79,138,134,46.268656716417915,15.251599858657364
1635749214.8982441,10,8,79,135,136,45.58823529411765,0.8501330454313055
1635749214.8982441,11,149,79,143,138,44.92753623188406,15.449253549730287
1635749215.262786,10,12,80,143,143,43.35664335664336,1.2750826169617748
1635749215.262786,11,160,80,151,144,43.055555555555564,16.52952974363854
1635749215.6432362,10,13,83,149,150,41.33333333333334,1.3812999174368017
1635749215.6432362,11,169,83,160,152,40.789473684210535,17.404525184005227
1635749216.0244286,10,14,86,159,159,38.99371069182391,1.4875077226255586
1635749216.0244286,11,180,86,170,162,38.27160493827161,18.462668114186137
1635749216.334397,10,12,89,167,168,36.90476190476191,1.2750826169617748
1635749216.334397,11,185,88,177,169,36.68639053254439,18.939409542593506
1635749216.5773995,10,2,90,172,172,36.04651162790698,0.212547884480388
1635749216.5773995,11,180,89,180,173,35.83815028901735,18.462668114186137
1635749216.828031,10,-10,90,178,179,34.63687150837989,-1.0626224461126088
1635749216.828031,11,173,89,184,179,34.63687150837989,17.790765425423544
1635749217.0783527,10,-10,91,186,186,33.333333333333336,-1.0626224461126088
1635749217.0783527,11,181,91,192,186,33.333333333333336,18.558230898863858
1635749217.3642058,10,-11,94,195,195,31.7948717948718,-1.1688565501000576
1635749217.3642058,11,189,93,202,196,31.632653061224495,19.318855748568993
1635749217.6412656,10,-36,97,203,203,30.54187192118227,-3.8202083666617566
1635749217.6412656,11,170,95,202,200,31.000000000000004,17.501239896274914
1635749217.9567184,11,144,96,201,205,30.243902439024396,14.95442198679177
1635749217.9567184,10,-68,99,211,211,29.383886255924175,-7.188701044455634
1635749218.281584,11,121,97,202,210,29.52380952380953,12.649593914834636
1635749218.281584,10,-98,101,219,221,28.05429864253394,-10.302406758622741
1635749218.5771143,11,115,97,207,217,28.571428571428577,12.041101970999687
1635749218.5771143,10,-111,102,229,229,27.074235807860266,-11.633894747793091
1635749218.8715951,11,109,99,211,224,27.678571428571434,11.429840684630294
1635749218.8715951,10,-124,103,240,239,25.941422594142264,-12.952764513375518
1635749219.1687715,11,90,100,215,230,26.956521739130437,9.477307372980938
1635749219.1687715,10,-151,105,252,249,24.8995983935743,-15.64653107388349
1635749219.4355185,11,81,101,219,237,26.16033755274262,8.54432198150461
1635749219.4355185,10,-168,107,264,259,23.938223938223942,-17.307708014004547
1635749219.7487032,11,71,105,228,248,25.000000000000004,7.502311953416964
1635749219.7487032,10,-187,109,276,270,22.962962962962965,-19.12935054867832
1635749220.016995,11,35,106,233,257,24.124513618677046,3.714392761786679
1635749220.2920804,12,211,98,187,228,27.192982456140356,21.373932381663405
1635749220.2920804,11,-5,107,238,265,23.396226415094343,-0.5313569149387267
1635749220.5307014,12,174,98,183,230,26.956521739130437,17.887066461315495
1635749220.891386,12,128,99,181,236,26.27118644067797,13.355844454032088
1635749225.9268072,7,266,73,92,81,76.54320987654322,26.26113696159187
1635749226.2501981,7,251,73,92,81,76.54320987654322,24.96501600045778
1635749226.57451,7,219,74,89,80,77.50000000000001,22.10746528048097
1635749226.9818811,8,268,74,97,84,73.80952380952382,26.43182263135065
1635749226.9818811,7,179,73,86,79,78.48101265822785,18.36699878105277
1635749227.3663645,7,150,74,84,79,78.48101265822785,15.547939558288776
1635749227.3663645,8,238,74,95,83,74.6987951807229,23.819138234278373
1635749227.831004,7,133,74,84,82,75.60975609756099,13.857803363474689
1635749228.3179882,7,100,72,80,79,78.48101265822785,10.508022140232413
1635749228.3179882,8,186,73,91,83,74.6987951807229,19.034434354835188
1635749228.737269,8,155,72,89,83,74.6987951807229,16.039943306049665
1635749228.737269,7,71,71,80,79,78.48101265822785,7.502311953416964
1635749228.737269,9,247,73,97,86,72.09302325581396,24.614654361779593
1635749229.150256,7,72,72,82,82,75.60975609756099,7.606749474630248
1635749229.150256,8,158,72,90,85,72.94117647058825,16.333988693792744
1635749229.150256,9,252,73,99,88,70.45454545454547,25.052296829400955
1635749229.6231532,7,67,73,84,84,73.80952380952382,7.084066830606971
1635749229.6231532,8,157,74,94,88,70.45454545454547,16.236070980753333
1635749229.6231532,9,253,74,103,90,68.8888888888889,25.139453540730653
1635749230.0514207,7,41,72,83,84,73.80952380952382,4.348880799665057
1635749230.0514207,8,131,73,92,88,70.45454545454547,13.657275522629282
1635749230.0514207,9,226,72,100,89,69.66292134831461,22.743116735138678
1635749230.4384747,7,14,72,83,85,72.94117647058825,1.4875077226255586
1635749230.4384747,8,104,72,90,87,71.26436781609196,10.918428084857842
1635749230.4384747,9,197,73,99,90,68.8888888888889,20.07246656737335
1635749230.8943398,7,-4,72,86,87,71.26436781609196,-0.425089919132221
1635749230.8943398,8,87,72,92,89,69.66292134831461,9.16685046013392
1635749230.8943398,9,180,73,99,91,68.13186813186815,18.462668114186137
1635749231.3331048,8,90,74,95,93,66.66666666666667,9.477307372980938
1635749231.3331048,7,-5,74,89,91,68.13186813186815,-0.5313569149387267
1635749231.3331048,9,188,75,102,94,65.95744680851065,19.224157790184744
1635749231.8305643,7,-20,73,92,94,65.95744680851065,-2.124514387441452
1635749231.8305643,8,77,72,96,95,65.26315789473685,8.12816168126673
1635749231.8305643,9,177,73,104,96,64.58333333333334,18.175341896811013
1635749232.3043678,8,84,74,101,99,62.62626262626264,8.855849682026259
1635749232.3043678,7,-17,74,96,97,63.917525773195884,-1.806066883527694
1635749232.3043678,9,188,74,109,101,61.3861386138614,19.224157790184744
1635749232.7104936,7,-27,77,99,100,62.00000000000001,-2.8670143121816682
1635749232.7104936,8,77,76,102,101,61.3861386138614,8.12816168126673
1635749232.7104936,9,183,76,111,103,60.194174757281566,18.74903541444329
1635749233.0860665,8,66,77,103,103,60.194174757281566,6.979385101571969
1635749233.0860665,7,-40,78,101,103,60.194174757281566,-4.243202757619135
1635749233.0860665,9,173,77,111,104,59.61538461538463,17.790765425423544
1635749233.5796804,8,63,78,108,107,57.94392523364487,6.665061502275082
1635749233.5796804,9,173,78,115,108,57.40740740740742,17.790765425423544
1635749234.080968,8,68,79,113,112,55.35714285714287,7.188701044455634
1635749234.080968,7,-48,81,110,116,53.448275862068975,-5.0877578101051295
1635749234.080968,9,185,79,122,114,54.38596491228071,18.939409542593506
1635749234.3721192,8,69,78,117,115,53.913043478260875,7.293287078020637
1635749234.3721192,7,-50,79,114,117,52.991452991453,-5.298565069899935
1635749234.3721192,9,190,78,124,117,52.991452991453,19.413444096195985
1635749234.7703984,8,54,78,119,119,52.10084033613446,5.719742748496919
1635749234.7703984,7,-70,80,120,121,51.23966942148761,-7.397824268101297
1635749234.7703984,9,176,78,125,119,52.10084033613446,18.079355067310914
1635749235.1104262,8,54,79,123,124,50.00000000000001,5.719742748496919
1635749235.1104262,7,-74,81,124,126,49.206349206349216,-7.815471397254411
1635749235.1104262,9,181,78,130,123,50.40650406504066,18.558230898863858
1635749235.4506078,8,57,79,129,129,48.062015503875976,6.03522200610085
1635749235.4506078,9,189,79,136,129,48.062015503875976,19.318855748568993
1635749235.9004045,8,62,81,137,136,45.58823529411765,6.560196400571308
1635749235.9004045,9,200,80,143,137,45.25547445255475,20.35322914806883
1635749235.9004045,7,-80,83,138,138,44.92753623188406,-8.440365275506633
1635749236.2040136,8,67,81,143,142,43.66197183098592,7.084066830606971
1635749236.2040136,7,-81,83,143,144,43.055555555555564,-8.54432198150461
1635749236.2040136,9,212,80,151,141,43.971631205673766,21.466032736430833
1635749236.4492116,8,71,82,149,147,42.17687074829933,7.502311953416964
1635749236.4492116,9,222,82,156,148,41.891891891891895,22.380599847244042
1635749236.4492116,7,-82,85,147,150,41.33333333333334,-8.648222041878432
1635749236.7988071,9,235,85,165,155,40.00000000000001,23.551765868612073
1635749236.7988071,8,78,85,156,155,40.00000000000001,8.232284483481385
1635749237.2211506,8,86,89,167,165,37.57575757575758,9.063243130687955
1635749237.2211506,7,-85,91,164,167,37.125748502994014,-8.959575995474442
1635749237.5053978,8,92,89,176,173,35.83815028901735,9.683968218485054
1635749237.5053978,7,-88,91,173,175,35.42857142857143,-9.27039735856775
1635749237.864251,8,101,91,187,183,33.879781420765035,10.610727614582158
1635749237.864251,7,-90,93,181,185,33.513513513513516,-9.477307372980938
1635749238.2848403,7,-24,94,184,190,32.631578947368425,-2.548903494068427
1635749238.2848403,8,175,94,210,197,31.472081218274116,17.983263132572862
1635749238.5487044,7,25,94,189,196,31.632653061224495,2.6549588769771035
1635749238.842588,7,75,97,200,207,29.951690821256044,7.9197544899131636
1635749239.1452715,7,46,97,199,208,29.807692307692314,4.87681235015335
1635749239.4602244,7,0,97,202,209,29.665071770334933,0.0
1635749239.8010905,8,167,97,226,218,28.44036697247707,17.210788777144447
1635749239.8010905,7,-57,98,209,214,28.971962616822434,-6.03522200610085
1635749240.0915189,7,-100,99,217,219,28.310502283105027,-10.508022140232413
1635749240.4943535,8,59,99,216,224,27.678571428571434,6.245338828597758
1635749240.4943535,7,-176,104,241,234,26.4957264957265,-18.079355067310914
1635749240.7828186,8,14,100,221,231,26.839826839826845,1.4875077226255586
1635749241.0886104,9,201,96,205,220,28.181818181818187,20.44659105159719
1635749241.0886104,8,-16,102,230,243,25.514403292181072,-1.6998919335324794
1635749241.3978143,9,189,98,207,228,27.192982456140356,19.318855748568993
1635749241.3978143,8,-37,106,241,256,24.218750000000004,-3.9259978795075465
1635749241.6688366,9,151,99,202,230,26.956521739130437,15.64653107388349
1635749241.6688366,8,-81,108,253,267,23.220973782771537,-8.54432198150461
1635749241.976568,9,113,99,198,235,26.38297872340426,11.837650005357451
1635749241.976568,8,-127,107,267,275,22.54545454545455,-13.255198990360212
1635749244.0406976,1,246,78,68,140,44.28571428571429,24.526755108495042
1635749244.7579255,1,153,77,66,138,44.92753623188406,15.843428839849183
1635749245.4469404,33,277,66,85,78,79.4871794871795,27.19366015235809
1635749245.7881222,33,229,66,81,76,81.57894736842107,23.013749847125784
1635749246.108955,33,187,65,77,74,83.78378378378379,19.12935054867832
1635749246.108955,32,271,66,89,79,78.48101265822785,26.686905839741105
1635749246.4276462,33,144,64,73,72,86.11111111111113,14.95442198679177
1635749246.4276462,32,224,66,85,76,81.57894736842107,22.562096537309067
1635749246.7910619,32,175,65,80,75,82.66666666666669,17.983263132572862
1635749246.7910619,31,260,66,88,79,78.48101265822785,25.746063977885555
1635749247.1395764,33,59,63,69,69,89.85507246376812,6.245338828597758
1635749247.1395764,31,215,66,84,77,80.51948051948054,21.741635082339087
1635749247.571155,33,12,62,67,70,88.57142857142858,1.2750826169617748
1635749247.571155,32,85,64,72,72,86.11111111111113,8.959575995474442
1635749247.571155,31,162,65,79,75,82.66666666666669,16.7246754916319
1635749247.571155,27,249,66,84,77,80.51948051948054,24.790082554948466
1635749248.0204136,33,-31,61,69,71,87.32394366197184,-3.2908836860672923
1635749248.0204136,27,199,66,79,76,81.57894736842107,20.25975423688004
1635749248.5736158,31,66,64,72,72,86.11111111111113,6.979385101571969
1635749248.5736158,32,-9,63,71,72,86.11111111111113,-0.9563810345917811
1635749248.5736158,33,-82,62,73,72,86.11111111111113,-8.648222041878432
1635749248.5736158,27,143,65,77,73,84.93150684931508,14.855178588237854
1635749248.5736158,26,222,65,80,75,82.66666666666669,22.380599847244042
1635749249.0078995,31,27,63,73,73,84.93150684931508,2.8670143121816682
1635749249.0078995,32,-48,62,74,73,84.93150684931508,-5.0877578101051295
1635749249.0078995,26,178,65,77,73,84.93150684931508,18.27122325552057
1635749249.0078995,27,103,64,73,73,84.93150684931508,10.815931174266511
1635749249.0078995,33,-124,62,77,73,84.93150684931508,-12.952764513375518
1635749249.489137,27,62,65,72,71,87.32394366197184,6.560196400571308
1635749249.489137,31,-13,64,74,73,84.93150684931508,-1.3812999174368017
1635749249.489137,32,-91,64,77,75,82.66666666666669,-9.58066925009003
1635749249.489137,26,135,66,74,72,86.11111111111113,14.05798553291573
1635749249.489137,33,-170,64,84,76,81.57894736842107,-17.501239896274914
1635749249.9840376,20,289,63,62,68,91.1764705882353,28.1934619737205
1635749249.9840376,26,86,64,69,71,87.32394366197184,9.063243130687955
1635749249.9840376,27,13,65,71,72,86.11111111111113,1.3812999174368017
1635749249.9840376,32,-143,65,84,78,79.4871794871795,-14.855178588237854
1635749249.9840376,31,-62,63,78,75,82.66666666666669,-6.560196400571308
1635749249.9840376,33,-228,64,90,80,77.50000000000001,-22.923658715156016
1635749250.479209,32,-184,64,88,80,77.50000000000001,-18.84427644904627
1635749250.744632,26,78,66,71,72,86.11111111111113,8.232284483481385
1635749250.744632,27,5,66,72,74,83.78378378378379,0.5313569149387267
1635749250.744632,32,-157,66,87,80,77.50000000000001,-16.236070980753333
1635749250.744632,31,-73,65,80,77,80.51948051948054,-7.711136174370049
1635749250.744632,33,-245,65,92,82,75.60975609756099,-24.438732622188876
1635749251.1061916,26,126,65,75,75,82.66666666666669,13.154470165334144
1635749251.1061916,27,51,65,74,75,82.66666666666669,5.403915134496321
1635749251.1061916,31,-28,65,78,76,81.57894736842107,-2.9730129222649775
1635749251.1061916,32,-109,63,82,81,76.54320987654322,-11.429840684630294
1635749251.1061916,33,-193,64,88,81,76.54320987654322,-19.69654824538426
1635749251.455737,26,173,66,82,77,80.51948051948054,17.790765425423544
1635749251.455737,25,253,66,80,76,81.57894736842107,25.139453540730653
1635749251.455737,32,-67,63,78,79,78.48101265822785,-7.084066830606971
1635749251.455737,27,94,66,77,76,81.57894736842107,9.890374977497379
1635749251.455737,33,-149,64,83,79,78.48101265822785,-15.449253549730287
1635749251.8840568,31,62,66,79,79,78.48101265822785,6.560196400571308
1635749251.8840568,32,-19,65,77,78,79.4871794871795,-2.018378836856321
1635749251.8840568,33,-99,65,79,78,79.4871794871795,-10.40524832365576
1635749251.8840568,27,147,68,83,80,77.50000000000001,15.251599858657364
1635749251.8840568,26,231,66,89,83,74.6987951807229,23.19357136790705
1635749252.3852413,32,42,66,80,82,75.60975609756099,4.454529204005441
1635749252.3852413,33,-39,66,76,78,79.4871794871795,-4.13749578470897
1635749252.3852413,31,127,68,86,83,74.6987951807229,13.255198990360212
1635749252.3852413,27,219,70,91,85,72.94117647058825,22.10746528048097
1635749252.8043966,33,5,66,76,80,77.50000000000001,0.5313569149387267
1635749252.8043966,32,87,66,84,86,72.09302325581396,9.16685046013392
1635749252.8043966,31,176,69,93,87,71.26436781609196,18.079355067310914
1635749253.3133104,33,69,65,80,83,74.6987951807229,7.293287078020637
1635749253.3133104,32,156,67,93,89,69.66292134831461,16.138055708620733
1635749253.3133104,31,255,69,104,92,67.3913043478261,25.313394061515783
1635749253.668997,33,113,66,85,86,72.09302325581396,11.837650005357451
1635749253.668997,32,206,68,101,92,67.3913043478261,20.91169541023082
1635749254.0313833,33,162,66,92,89,69.66292134831461,16.7246754916319
1635749254.0313833,32,261,68,109,97,63.917525773195884,25.832223007136133
1635749254.3791811,33,217,68,101,94,65.95744680851065,21.92478522054117
1635749254.6965563,33,267,68,108,98,63.26530612244899,26.34654275119931
1635749255.5717816,15,159,81,79,181,34.25414364640884,16.431808422216594
1635749256.789908,33,238,68,110,103,60.194174757281566,23.819138234278373
1635749257.0635526,33,212,68,108,102,60.78431372549021,21.466032736430833
1635749257.3722196,33,198,68,108,103,60.194174757281566,20.16616661121554
1635749257.6996605,33,172,69,107,102,60.78431372549021,17.694360399947715
1635749258.002361,33,152,69,105,102,60.78431372549021,15.745027649154892
1635749258.2983675,33,141,69,105,103,60.194174757281566,14.656418438272837
1635749258.2983675,32,256,71,124,111,55.855855855855864,25.400177603160106
1635749258.6078482,33,127,70,104,104,59.61538461538463,13.255198990360212
1635749258.6078482,32,242,72,124,112,55.35714285714287,24.17392734930822
1635749258.9154036,33,109,69,103,105,59.04761904761906,11.429840684630294
1635749258.9154036,32,223,71,123,111,55.855855855855864,22.47140764411092
1635749259.2278557,32,215,71,123,113,54.86725663716815,21.741635082339087
1635749259.5435696,33,91,69,105,107,57.94392523364487,9.58066925009003
1635749259.5435696,32,207,72,124,114,54.38596491228071,21.00437328468872
1635749259.9104357,33,77,70,107,108,57.40740740740742,8.12816168126673
1635749259.9104357,32,194,71,123,117,52.991452991453,19.79069493654738
1635749260.268649,33,60,69,108,111,55.855855855855864,6.350334386893197
1635749260.729338,33,35,69,110,112,55.35714285714287,3.714392761786679
1635749260.729338,32,155,71,124,119,52.10084033613446,16.039943306049665
1635749261.1016653,33,13,68,111,115,53.913043478260875,1.3812999174368017
1635749261.1016653,32,135,71,123,120,51.66666666666667,14.05798553291573
1635749261.4094243,33,-5,68,114,117,52.991452991453,-0.5313569149387267
1635749261.4094243,32,118,71,123,122,50.81967213114755,12.345701541512671
1635749261.4094243,31,249,72,133,125,49.60000000000001,24.790082554948466
1635749261.7746146,33,-27,69,118,120,51.66666666666667,-2.8670143121816682
1635749261.7746146,32,98,71,124,124,50.00000000000001,10.302406758622741
1635749261.7746146,31,230,73,132,126,49.206349206349216,23.103720798874804
1635749262.1145167,33,-35,70,122,124,50.00000000000001,-3.714392761786679
1635749262.1145167,31,228,74,135,130,47.6923076923077,22.923658715156016
1635749262.1145167,32,94,72,128,127,48.81889763779528,9.890374977497379
1635749262.5109088,33,-33,72,128,130,47.6923076923077,-3.502686126728226
1635749262.5109088,32,103,74,135,133,46.61654135338347,10.815931174266511
1635749262.5109088,31,244,76,143,136,45.58823529411765,24.350587059891964
1635749262.8562071,32,111,73,141,142,43.66197183098592,11.633894747793091
1635749263.1926577,33,-31,73,139,141,43.971631205673766,-3.2908836860672923
1635749263.1926577,32,119,76,148,147,42.17687074829933,12.447078301350341
1635749263.501475,33,-31,74,144,146,42.46575342465754,-3.2908836860672923
1635749263.501475,32,124,77,154,152,40.789473684210535,12.952764513375518
1635749263.8092196,33,-32,77,151,153,40.52287581699347,-3.3967965244928373
1635749263.8092196,32,131,80,163,161,38.50931677018634,13.657275522629282
1635749264.1157572,33,-33,79,158,161,38.50931677018634,-3.502686126728226
1635749264.1157572,32,138,82,170,168,36.90476190476191,14.357601956885965
1635749264.4235933,33,-36,80,167,170,36.47058823529412,-3.8202083666617566
1635749264.4235933,32,144,82,179,177,35.02824858757063,14.95442198679177
1635749264.7395191,33,-37,80,176,178,34.831460674157306,-3.9259978795075465
1635749264.7395191,32,153,83,190,187,33.15508021390375,15.843428839849183
1635749265.0415726,33,-39,81,185,188,32.97872340425533,-4.13749578470897
1635749265.0415726,32,162,84,202,197,31.472081218274116,16.7246754916319
1635749265.2972815,33,-40,82,193,197,31.472081218274116,-4.243202757619135
1635749265.2972815,32,170,85,210,207,29.951690821256044,17.501239896274914
1635749265.578178,33,-40,83,205,209,29.665071770334933,-4.243202757619135
1635749265.578178,32,183,87,224,220,28.181818181818187,18.74903541444329
1635749265.8474247,33,-39,87,216,221,28.05429864253394,-4.13749578470897
1635749265.8474247,32,195,90,239,234,26.4957264957265,19.884730425939498
1635749266.1027002,33,-38,89,230,234,26.4957264957265,-4.031760588950713
1635749266.3712323,33,-39,91,243,248,25.000000000000004,-4.13749578470897
1635749266.6398363,33,-38,93,260,264,23.484848484848488,-4.031760588950713
1635749266.9132824,33,-40,98,279,286,21.67832167832168,-4.243202757619135
1635749267.1843286,33,-41,97,299,299,20.73578595317726,-4.348880799665057
1635749267.8160064,0063190000069,317,206,0,4,1550.0000000000002,30.454841467770237
