1635512263.020312,3,-49,67,68,68,91.1764705882353,-5.1931790634241475
1635512263.020312,7,-259,69,67,68,91.1764705882353,-25.659779802199026
1635512263.020312,8,-190,68,69,68,91.1764705882353,-19.413444096195985
1635512263.020312,9,-121,67,69,69,89.85507246376812,-12.649593914834636
1635512263.020312,2,21,67,68,68,91.1764705882353,2.2306353530719227
1635512263.020312,15,168,68,74,71,87.32394366197184,17.307708014004547
1635512263.020312,14,244,68,73,71,87.32394366197184,24.350587059891964
1635512264.3906567,3,-49,67,67,68,91.1764705882353,-5.1931790634241475
1635512264.3906567,7,-259,68,67,67,92.53731343283583,-25.659779802199026
1635512264.3906567,8,-190,68,69,68,91.1764705882353,-19.413444096195985
1635512264.3906567,9,-121,67,69,69,89.85507246376812,-12.649593914834636
1635512264.3906567,1,92,68,71,70,88.57142857142858,9.683968218485054
1635512264.3906567,2,21,67,67,68,91.1764705882353,2.2306353530719227
1635512264.3906567,15,168,68,74,71,87.32394366197184,17.307708014004547
1635512264.3906567,14,244,69,73,70,88.57142857142858,24.350587059891964
1635512264.8138826,3,-49,67,68,68,91.1764705882353,-5.1931790634241475
1635512264.8138826,8,-190,68,69,68,91.1764705882353,-19.413444096195985
1635512264.8138826,9,-121,67,69,69,89.85507246376812,-12.649593914834636
1635512264.8138826,1,92,68,71,70,88.57142857142858,9.683968218485054
1635512264.8138826,15,168,68,75,71,87.32394366197184,17.307708014004547
1635512264.8138826,7,-259,68,67,67,92.53731343283583,-25.659779802199026
1635512264.8138826,14,244,69,73,70,88.57142857142858,24.350587059891964
1635512265.3375006,3,-49,67,68,68,91.1764705882353,-5.1931790634241475
1635512265.3375006,7,-259,68,67,67,92.53731343283583,-25.659779802199026
1635512265.3375006,8,-190,68,69,68,91.1764705882353,-19.413444096195985
1635512265.3375006,9,-121,67,69,69,89.85507246376812,-12.649593914834636
1635512265.3375006,1,92,68,71,70,88.57142857142858,9.683968218485054
1635512265.3375006,2,21,67,67,68,91.1764705882353,2.2306353530719227
1635512265.3375006,15,168,68,74,71,87.32394366197184,17.307708014004547
1635512265.3375006,14,244,69,73,70,88.57142857142858,24.350587059891964
1635512265.7643855,3,-49,67,68,68,91.1764705882353,-5.1931790634241475
1635512265.7643855,2,21,67,67,68,91.1764705882353,2.2306353530719227
1635512265.7643855,7,-259,68,67,67,92.53731343283583,-25.659779802199026
1635512265.7643855,8,-190,68,69,68,91.1764705882353,-19.413444096195985
1635512265.7643855,9,-121,67,69,69,89.85507246376812,-12.649593914834636
1635512265.7643855,1,92,68,71,70,88.57142857142858,9.683968218485054
1635512265.7643855,15,168,68,75,71,87.32394366197184,17.307708014004547
1635512265.7643855,14,244,68,73,71,87.32394366197184,24.350587059891964
1635512266.28205,3,-49,67,68,68,91.1764705882353,-5.1931790634241475
1635512266.28205,7,-259,68,67,67,92.53731343283583,-25.659779802199026
1635512266.28205,8,-190,68,69,68,91.1764705882353,-19.413444096195985
1635512266.28205,9,-121,67,69,69,89.85507246376812,-12.649593914834636
1635512266.28205,1,92,67,71,69,89.85507246376812,9.683968218485054
1635512266.28205,2,21,67,67,68,91.1764705882353,2.2306353530719227
1635512266.28205,15,168,68,75,71,87.32394366197184,17.307708014004547
1635512266.28205,14,244,69,73,70,88.57142857142858,24.350587059891964
1635512266.7738225,3,-49,67,67,68,91.1764705882353,-5.1931790634241475
1635512266.7738225,7,-259,68,67,67,92.53731343283583,-25.659779802199026
1635512266.7738225,8,-190,68,69,68,91.1764705882353,-19.413444096195985
1635512266.7738225,9,-121,67,69,69,89.85507246376812,-12.649593914834636
1635512266.7738225,2,21,67,67,69,89.85507246376812,2.2306353530719227
1635512266.7738225,15,168,68,75,71,87.32394366197184,17.307708014004547
1635512266.7738225,14,244,69,73,70,88.57142857142858,24.350587059891964
1635512267.2145665,3,-49,67,67,68,91.1764705882353,-5.1931790634241475
1635512267.2145665,7,-259,69,67,68,91.1764705882353,-25.659779802199026
1635512267.2145665,8,-190,68,69,68,91.1764705882353,-19.413444096195985
1635512267.2145665,9,-121,67,69,69,89.85507246376812,-12.649593914834636
1635512267.2145665,1,92,67,71,71,87.32394366197184,9.683968218485054
1635512267.2145665,2,21,67,67,68,91.1764705882353,2.2306353530719227
1635512267.2145665,15,168,68,74,71,87.32394366197184,17.307708014004547
1635512267.2145665,14,244,69,73,70,88.57142857142858,24.350587059891964
1635512267.6497145,3,-49,67,67,68,91.1764705882353,-5.1931790634241475
1635512267.6497145,7,-259,69,67,68,91.1764705882353,-25.659779802199026
1635512267.6497145,8,-190,68,69,68,91.1764705882353,-19.413444096195985
1635512267.6497145,9,-121,67,68,69,89.85507246376812,-12.649593914834636
1635512267.6497145,1,92,68,71,70,88.57142857142858,9.683968218485054
1635512267.6497145,2,21,67,67,68,91.1764705882353,2.2306353530719227
1635512267.6497145,15,168,68,75,71,87.32394366197184,17.307708014004547
1635512267.6497145,14,244,69,73,70,88.57142857142858,24.350587059891964
1635512268.1161716,3,-49,67,67,68,91.1764705882353,-5.1931790634241475
1635512268.1161716,7,-259,68,67,67,92.53731343283583,-25.659779802199026
1635512268.1161716,8,-190,68,69,68,91.1764705882353,-19.413444096195985
1635512268.1161716,9,-121,67,69,69,89.85507246376812,-12.649593914834636
1635512268.1161716,15,169,68,74,71,87.32394366197184,17.404525184005227
1635512268.1161716,14,244,68,73,71,87.32394366197184,24.350587059891964
1635512268.691582,3,-49,67,68,68,91.1764705882353,-5.1931790634241475
1635512268.691582,7,-259,68,67,67,92.53731343283583,-25.659779802199026
1635512268.691582,8,-190,68,69,68,91.1764705882353,-19.413444096195985
1635512268.691582,9,-121,67,69,69,89.85507246376812,-12.649593914834636
1635512268.691582,1,92,68,71,70,88.57142857142858,9.683968218485054
1635512268.691582,15,169,68,74,71,87.32394366197184,17.404525184005227
1635512268.691582,14,244,68,73,71,87.32394366197184,24.350587059891964
1635512269.3337142,3,-49,67,68,68,91.1764705882353,-5.1931790634241475
1635512269.3337142,2,21,67,68,68,91.1764705882353,2.2306353530719227
1635512269.3337142,8,-190,68,69,68,91.1764705882353,-19.413444096195985
1635512269.3337142,9,-121,67,69,69,89.85507246376812,-12.649593914834636
1635512269.3337142,1,92,67,71,71,87.32394366197184,9.683968218485054
1635512269.3337142,15,169,68,74,71,87.32394366197184,17.404525184005227
1635512269.3337142,7,-259,68,67,67,92.53731343283583,-25.659779802199026
1635512269.3337142,14,244,69,73,70,88.57142857142858,24.350587059891964
1635512269.7693424,3,-49,67,67,68,91.1764705882353,-5.1931790634241475
1635512269.7693424,8,-190,68,69,68,91.1764705882353,-19.413444096195985
1635512269.7693424,9,-121,67,69,69,89.85507246376812,-12.649593914834636
1635512269.7693424,2,21,67,67,68,91.1764705882353,2.2306353530719227
1635512269.7693424,15,169,68,74,71,87.32394366197184,17.404525184005227
1635512269.7693424,7,-259,68,67,67,92.53731343283583,-25.659779802199026
1635512269.7693424,14,244,68,73,71,87.32394366197184,24.350587059891964
1635512270.2728813,3,-49,67,67,68,91.1764705882353,-5.1931790634241475
1635512270.2728813,8,-190,68,69,68,91.1764705882353,-19.413444096195985
1635512270.2728813,9,-121,67,68,67,92.53731343283583,-12.649593914834636
1635512270.2728813,1,92,68,71,70,88.57142857142858,9.683968218485054
1635512270.2728813,2,21,67,67,68,91.1764705882353,2.2306353530719227
1635512270.2728813,15,168,68,74,71,87.32394366197184,17.307708014004547
1635512270.9723842,3,-49,67,67,68,91.1764705882353,-5.1931790634241475
1635512270.9723842,7,-259,69,67,68,91.1764705882353,-25.659779802199026
1635512270.9723842,8,-190,68,69,68,91.1764705882353,-19.413444096195985
1635512270.9723842,9,-121,67,69,69,89.85507246376812,-12.649593914834636
1635512270.9723842,2,21,67,67,68,91.1764705882353,2.2306353530719227
1635512270.9723842,15,168,68,74,71,87.32394366197184,17.307708014004547
1635512270.9723842,14,244,69,73,70,88.57142857142858,24.350587059891964
1635512271.4238014,3,-49,67,67,68,91.1764705882353,-5.1931790634241475
1635512271.4238014,2,21,67,67,68,91.1764705882353,2.2306353530719227
1635512271.4238014,7,-259,69,67,68,91.1764705882353,-25.659779802199026
1635512271.4238014,8,-190,68,69,68,91.1764705882353,-19.413444096195985
1635512271.4238014,9,-121,67,69,69,89.85507246376812,-12.649593914834636
1635512271.4238014,1,93,67,70,69,89.85507246376812,9.787203664656111
1635512271.4238014,15,168,68,75,71,87.32394366197184,17.307708014004547
1635512271.4238014,14,244,69,73,70,88.57142857142858,24.350587059891964
1635512271.8666453,3,-49,67,67,68,91.1764705882353,-5.1931790634241475
1635512271.8666453,2,21,67,68,68,91.1764705882353,2.2306353530719227
1635512271.8666453,7,-259,68,67,67,92.53731343283583,-25.659779802199026
1635512271.8666453,8,-190,68,69,68,91.1764705882353,-19.413444096195985
1635512271.8666453,9,-121,67,69,69,89.85507246376812,-12.649593914834636
1635512271.8666453,1,92,67,71,69,89.85507246376812,9.683968218485054
1635512271.8666453,15,168,68,75,71,87.32394366197184,17.307708014004547
1635512271.8666453,14,244,68,73,71,87.32394366197184,24.350587059891964
1635512272.3277361,3,-49,67,67,68,91.1764705882353,-5.1931790634241475
1635512272.3277361,2,21,67,67,68,91.1764705882353,2.2306353530719227
1635512272.3277361,7,-259,68,67,67,92.53731343283583,-25.659779802199026
1635512272.3277361,8,-190,68,69,68,91.1764705882353,-19.413444096195985
1635512272.3277361,9,-121,67,69,69,89.85507246376812,-12.649593914834636
1635512272.3277361,1,92,68,71,70,88.57142857142858,9.683968218485054
1635512272.3277361,15,168,68,74,71,87.32394366197184,17.307708014004547
1635512272.3277361,14,244,69,73,70,88.57142857142858,24.350587059891964
1635512272.7539158,3,-49,67,68,68,91.1764705882353,-5.1931790634241475
1635512272.7539158,7,-259,68,67,67,92.53731343283583,-25.659779802199026
1635512272.7539158,8,-190,68,69,68,91.1764705882353,-19.413444096195985
1635512272.7539158,9,-121,67,69,69,89.85507246376812,-12.649593914834636
1635512272.7539158,15,168,68,75,71,87.32394366197184,17.307708014004547
1635512272.7539158,14,244,69,73,70,88.57142857142858,24.350587059891964
1635512273.3623512,3,-49,67,68,68,91.1764705882353,-5.1931790634241475
1635512273.3623512,7,-259,69,67,68,91.1764705882353,-25.659779802199026
1635512273.3623512,2,21,67,67,68,91.1764705882353,2.2306353530719227
1635512273.3623512,8,-190,68,69,68,91.1764705882353,-19.413444096195985
1635512273.3623512,9,-121,67,69,69,89.85507246376812,-12.649593914834636
1635512273.3623512,15,168,68,74,71,87.32394366197184,17.307708014004547
1635512273.3623512,14,244,69,73,70,88.57142857142858,24.350587059891964
1635512273.8667712,3,-49,67,67,68,91.1764705882353,-5.1931790634241475
1635512273.8667712,7,-259,68,67,67,92.53731343283583,-25.659779802199026
1635512273.8667712,8,-190,68,69,68,91.1764705882353,-19.413444096195985
1635512273.8667712,9,-121,67,69,69,89.85507246376812,-12.649593914834636
1635512273.8667712,15,168,68,73,71,87.32394366197184,17.307708014004547
1635512273.8667712,14,244,68,73,71,87.32394366197184,24.350587059891964
1635512274.4248836,3,-49,67,68,68,91.1764705882353,-5.1931790634241475
1635512274.4248836,7,-259,68,67,67,92.53731343283583,-25.659779802199026
1635512274.4248836,2,21,67,67,68,91.1764705882353,2.2306353530719227
1635512274.4248836,8,-190,68,69,68,91.1764705882353,-19.413444096195985
1635512274.4248836,9,-121,67,69,69,89.85507246376812,-12.649593914834636
1635512274.4248836,1,92,68,71,70,88.57142857142858,9.683968218485054
1635512274.4248836,15,168,68,75,71,87.32394366197184,17.307708014004547
1635512274.4248836,14,244,68,73,71,87.32394366197184,24.350587059891964
1635512274.8361104,3,-49,67,67,68,91.1764705882353,-5.1931790634241475
1635512274.8361104,2,21,67,67,68,91.1764705882353,2.2306353530719227
1635512274.8361104,7,-259,69,67,68,91.1764705882353,-25.659779802199026
1635512274.8361104,8,-190,68,69,68,91.1764705882353,-19.413444096195985
1635512274.8361104,9,-121,68,68,68,91.1764705882353,-12.649593914834636
1635512274.8361104,15,168,68,75,71,87.32394366197184,17.307708014004547
1635512274.8361104,14,244,69,73,70,88.57142857142858,24.350587059891964
1635512275.3313878,3,-49,67,68,68,91.1764705882353,-5.1931790634241475
1635512275.3313878,2,21,67,67,68,91.1764705882353,2.2306353530719227
1635512275.3313878,7,-259,68,67,67,92.53731343283583,-25.659779802199026
1635512275.3313878,8,-190,68,69,68,91.1764705882353,-19.413444096195985
1635512275.3313878,9,-121,67,69,69,89.85507246376812,-12.649593914834636
1635512275.3313878,1,92,68,71,70,88.57142857142858,9.683968218485054
1635512275.3313878,15,168,68,75,71,87.32394366197184,17.307708014004547
1635512275.3313878,14,244,69,73,70,88.57142857142858,24.350587059891964
1635512275.7906578,3,-49,67,68,68,91.1764705882353,-5.1931790634241475
1635512275.7906578,2,21,67,67,68,91.1764705882353,2.2306353530719227
1635512275.7906578,7,-259,69,67,68,91.1764705882353,-25.659779802199026
1635512275.7906578,8,-190,68,69,68,91.1764705882353,-19.413444096195985
1635512275.7906578,9,-121,67,68,69,89.85507246376812,-12.649593914834636
1635512275.7906578,1,92,67,71,71,87.32394366197184,9.683968218485054
1635512275.7906578,15,168,68,75,71,87.32394366197184,17.307708014004547
1635512275.7906578,14,244,69,73,70,88.57142857142858,24.350587059891964
1635512276.217761,3,-49,67,68,68,91.1764705882353,-5.1931790634241475
1635512276.217761,7,-259,68,67,67,92.53731343283583,-25.659779802199026
1635512276.217761,8,-190,68,69,68,91.1764705882353,-19.413444096195985
1635512276.217761,9,-121,67,68,69,89.85507246376812,-12.649593914834636
1635512276.217761,1,92,67,71,71,87.32394366197184,9.683968218485054
1635512276.217761,2,21,67,67,68,91.1764705882353,2.2306353530719227
1635512276.217761,15,169,68,74,71,87.32394366197184,17.404525184005227
1635512276.217761,14,244,68,73,71,87.32394366197184,24.350587059891964
1635512276.724538,3,-49,67,68,68,91.1764705882353,-5.1931790634241475
1635512276.724538,7,-259,69,67,68,91.1764705882353,-25.659779802199026
1635512276.724538,8,-190,68,69,68,91.1764705882353,-19.413444096195985
1635512276.724538,9,-121,68,69,68,91.1764705882353,-12.649593914834636
1635512276.724538,1,92,67,71,69,89.85507246376812,9.683968218485054
1635512276.724538,2,21,67,67,68,91.1764705882353,2.2306353530719227
1635512276.724538,15,168,68,75,71,87.32394366197184,17.307708014004547
1635512276.724538,14,244,69,73,70,88.57142857142858,24.350587059891964
1635512277.164539,3,-49,67,67,68,91.1764705882353,-5.1931790634241475
1635512277.164539,7,-259,69,67,68,91.1764705882353,-25.659779802199026
1635512277.164539,8,-190,68,69,68,91.1764705882353,-19.413444096195985
1635512277.164539,9,-121,67,69,69,89.85507246376812,-12.649593914834636
1635512277.164539,1,92,68,71,70,88.57142857142858,9.683968218485054
1635512277.164539,2,21,67,67,68,91.1764705882353,2.2306353530719227
1635512277.164539,15,168,68,75,71,87.32394366197184,17.307708014004547
1635512277.164539,14,244,69,73,70,88.57142857142858,24.350587059891964
1635512277.580457,3,-49,67,67,68,91.1764705882353,-5.1931790634241475
1635512277.580457,7,-259,69,67,68,91.1764705882353,-25.659779802199026
1635512277.580457,2,21,67,67,68,91.1764705882353,2.2306353530719227
1635512277.580457,8,-190,68,69,68,91.1764705882353,-19.413444096195985
1635512277.580457,9,-121,67,69,69,89.85507246376812,-12.649593914834636
1635512277.580457,1,92,67,71,71,87.32394366197184,9.683968218485054
1635512277.580457,15,168,68,75,71,87.32394366197184,17.307708014004547
1635512277.580457,14,244,69,73,70,88.57142857142858,24.350587059891964
1635512277.9862354,3,-49,67,67,68,91.1764705882353,-5.1931790634241475
1635512277.9862354,7,-259,69,67,68,91.1764705882353,-25.659779802199026
1635512277.9862354,8,-190,68,69,68,91.1764705882353,-19.413444096195985
1635512277.9862354,9,-121,68,69,68,91.1764705882353,-12.649593914834636
1635512277.9862354,1,92,68,71,70,88.57142857142858,9.683968218485054
1635512277.9862354,2,21,67,67,68,91.1764705882353,2.2306353530719227
1635512277.9862354,15,168,68,75,71,87.32394366197184,17.307708014004547
1635512277.9862354,14,244,69,73,70,88.57142857142858,24.350587059891964
1635512278.4184706,7,-259,68,67,67,92.53731343283583,-25.659779802199026
1635512278.4184706,8,-190,68,69,68,91.1764705882353,-19.413444096195985
1635512278.4184706,9,-121,67,69,69,89.85507246376812,-12.649593914834636
1635512278.4184706,1,92,68,71,70,88.57142857142858,9.683968218485054
1635512278.4184706,15,168,68,75,71,87.32394366197184,17.307708014004547
1635512278.4184706,14,244,69,73,70,88.57142857142858,24.350587059891964
1635512278.8900297,3,-49,67,67,68,91.1764705882353,-5.1931790634241475
1635512278.8900297,7,-259,68,67,67,92.53731343283583,-25.659779802199026
1635512278.8900297,8,-190,68,69,68,91.1764705882353,-19.413444096195985
1635512278.8900297,9,-121,67,68,69,89.85507246376812,-12.649593914834636
1635512278.8900297,1,92,68,71,70,88.57142857142858,9.683968218485054
1635512278.8900297,2,21,67,67,68,91.1764705882353,2.2306353530719227
1635512278.8900297,15,168,68,75,71,87.32394366197184,17.307708014004547
1635512279.546088,3,-49,67,68,68,91.1764705882353,-5.1931790634241475
1635512279.546088,2,21,67,67,69,89.85507246376812,2.2306353530719227
1635512279.546088,8,-190,68,69,68,91.1764705882353,-19.413444096195985
1635512279.546088,9,-121,67,69,69,89.85507246376812,-12.649593914834636
1635512279.546088,1,93,67,70,69,89.85507246376812,9.787203664656111
1635512279.546088,7,-259,69,67,68,91.1764705882353,-25.659779802199026
1635512279.546088,15,169,68,74,71,87.32394366197184,17.404525184005227
1635512279.546088,14,244,68,73,71,87.32394366197184,24.350587059891964
1635512280.022982,3,-49,67,68,68,91.1764705882353,-5.1931790634241475
1635512280.022982,7,-259,68,67,67,92.53731343283583,-25.659779802199026
1635512280.022982,8,-190,68,69,68,91.1764705882353,-19.413444096195985
1635512280.022982,9,-121,68,69,68,91.1764705882353,-12.649593914834636
1635512280.022982,1,92,68,71,70,88.57142857142858,9.683968218485054
1635512280.022982,2,21,67,67,68,91.1764705882353,2.2306353530719227
1635512280.022982,15,168,68,74,71,87.32394366197184,17.307708014004547
1635512280.022982,14,244,69,73,70,88.57142857142858,24.350587059891964
1635512280.463033,3,-49,67,67,68,91.1764705882353,-5.1931790634241475
1635512280.463033,7,-259,69,67,68,91.1764705882353,-25.659779802199026
1635512280.463033,8,-190,68,69,68,91.1764705882353,-19.413444096195985
1635512280.463033,9,-121,67,68,68,91.1764705882353,-12.649593914834636
1635512280.463033,1,92,67,71,72,86.11111111111113,9.683968218485054
1635512280.463033,15,168,68,75,71,87.32394366197184,17.307708014004547
1635512281.257213,3,-49,67,68,68,91.1764705882353,-5.1931790634241475
1635512281.257213,2,21,67,67,68,91.1764705882353,2.2306353530719227
1635512281.257213,7,-259,68,67,67,92.53731343283583,-25.659779802199026
1635512281.257213,8,-190,68,69,68,91.1764705882353,-19.413444096195985
1635512281.257213,9,-121,68,68,68,91.1764705882353,-12.649593914834636
1635512281.257213,1,93,68,70,70,88.57142857142858,9.787203664656111
1635512281.257213,15,168,68,75,71,87.32394366197184,17.307708014004547
1635512281.257213,14,244,68,73,71,87.32394366197184,24.350587059891964
1635512281.7142692,3,-49,67,67,68,91.1764705882353,-5.1931790634241475
1635512281.7142692,2,21,67,68,68,91.1764705882353,2.2306353530719227
1635512281.7142692,8,-190,68,69,68,91.1764705882353,-19.413444096195985
1635512281.7142692,9,-121,68,68,68,91.1764705882353,-12.649593914834636
1635512281.7142692,1,92,66,71,72,86.11111111111113,9.683968218485054
1635512281.7142692,7,-259,69,67,68,91.1764705882353,-25.659779802199026
1635512281.7142692,15,168,68,75,71,87.32394366197184,17.307708014004547
1635512281.7142692,14,244,68,73,71,87.32394366197184,24.350587059891964
1635512282.1683393,3,-49,67,67,68,91.1764705882353,-5.1931790634241475
1635512282.1683393,7,-259,69,67,68,91.1764705882353,-25.659779802199026
1635512282.1683393,8,-190,68,69,68,91.1764705882353,-19.413444096195985
1635512282.1683393,9,-121,67,69,68,91.1764705882353,-12.649593914834636
1635512282.1683393,1,92,68,71,70,88.57142857142858,9.683968218485054
1635512282.1683393,15,168,68,74,71,87.32394366197184,17.307708014004547
1635512282.1683393,14,244,68,73,71,87.32394366197184,24.350587059891964
1635512282.716028,3,-49,67,67,68,91.1764705882353,-5.1931790634241475
1635512282.716028,2,21,67,67,68,91.1764705882353,2.2306353530719227
1635512282.716028,8,-190,68,69,68,91.1764705882353,-19.413444096195985
1635512282.716028,9,-121,67,69,68,91.1764705882353,-12.649593914834636
1635512282.716028,1,92,68,71,70,88.57142857142858,9.683968218485054
1635512282.716028,7,-259,69,67,68,91.1764705882353,-25.659779802199026
1635512282.716028,15,168,68,75,71,87.32394366197184,17.307708014004547
1635512282.716028,14,244,68,73,71,87.32394366197184,24.350587059891964
1635512283.2363822,3,-49,67,68,68,91.1764705882353,-5.1931790634241475
1635512283.2363822,2,21,67,67,68,91.1764705882353,2.2306353530719227
1635512283.2363822,7,-259,69,67,68,91.1764705882353,-25.659779802199026
1635512283.2363822,8,-190,68,69,68,91.1764705882353,-19.413444096195985
1635512283.2363822,9,-121,67,69,69,89.85507246376812,-12.649593914834636
1635512283.2363822,1,92,68,71,70,88.57142857142858,9.683968218485054
1635512283.2363822,15,168,68,75,71,87.32394366197184,17.307708014004547
1635512283.8372967,3,-49,67,68,68,91.1764705882353,-5.1931790634241475
1635512283.8372967,7,-259,69,67,68,91.1764705882353,-25.659779802199026
1635512283.8372967,2,21,67,67,69,89.85507246376812,2.2306353530719227
1635512283.8372967,8,-190,68,69,68,91.1764705882353,-19.413444096195985
1635512283.8372967,9,-121,67,68,67,92.53731343283583,-12.649593914834636
1635512283.8372967,15,168,68,74,71,87.32394366197184,17.307708014004547
1635512283.8372967,14,244,69,73,70,88.57142857142858,24.350587059891964
1635512284.3291285,3,-49,66,68,67,92.53731343283583,-5.1931790634241475
1635512284.3291285,7,-259,69,67,68,91.1764705882353,-25.659779802199026
1635512284.3291285,8,-190,68,69,68,91.1764705882353,-19.413444096195985
1635512284.3291285,9,-121,67,69,69,89.85507246376812,-12.649593914834636
1635512284.3291285,1,92,68,71,70,88.57142857142858,9.683968218485054
1635512284.3291285,15,168,68,74,71,87.32394366197184,17.307708014004547
1635512284.3291285,14,244,68,73,71,87.32394366197184,24.350587059891964
1635512284.9032097,3,-49,67,68,68,91.1764705882353,-5.1931790634241475
1635512284.9032097,2,21,67,67,69,89.85507246376812,2.2306353530719227
1635512284.9032097,8,-190,68,69,68,91.1764705882353,-19.413444096195985
1635512284.9032097,9,-121,67,68,69,89.85507246376812,-12.649593914834636
1635512284.9032097,15,168,68,74,71,87.32394366197184,17.307708014004547
1635512284.9032097,7,-259,69,67,68,91.1764705882353,-25.659779802199026
1635512285.6372247,3,-49,67,68,68,91.1764705882353,-5.1931790634241475
1635512285.6372247,8,-190,68,69,68,91.1764705882353,-19.413444096195985
1635512285.6372247,9,-121,67,69,69,89.85507246376812,-12.649593914834636
1635512285.6372247,1,92,67,71,69,89.85507246376812,9.683968218485054
1635512285.6372247,2,21,67,67,68,91.1764705882353,2.2306353530719227
1635512285.6372247,7,-259,68,67,67,92.53731343283583,-25.659779802199026
1635512285.6372247,15,168,68,75,71,87.32394366197184,17.307708014004547
1635512285.6372247,14,244,68,73,71,87.32394366197184,24.350587059891964
1635512286.138993,3,-49,67,67,68,91.1764705882353,-5.1931790634241475
1635512286.138993,7,-259,68,67,67,92.53731343283583,-25.659779802199026
1635512286.138993,2,21,67,67,68,91.1764705882353,2.2306353530719227
1635512286.138993,8,-190,68,69,68,91.1764705882353,-19.413444096195985
1635512286.138993,9,-121,67,68,69,89.85507246376812,-12.649593914834636
1635512286.138993,1,92,67,71,72,86.11111111111113,9.683968218485054
1635512286.138993,15,168,68,74,71,87.32394366197184,17.307708014004547
1635512286.138993,14,244,69,73,70,88.57142857142858,24.350587059891964
1635512286.5795698,3,-49,67,67,68,91.1764705882353,-5.1931790634241475
1635512286.5795698,7,-259,69,67,68,91.1764705882353,-25.659779802199026
1635512286.5795698,8,-190,68,69,68,91.1764705882353,-19.413444096195985
1635512286.5795698,9,-121,67,69,68,91.1764705882353,-12.649593914834636
1635512286.5795698,2,21,67,67,68,91.1764705882353,2.2306353530719227
1635512286.5795698,15,168,68,75,71,87.32394366197184,17.307708014004547
1635512286.5795698,1,92,66,71,71,87.32394366197184,9.683968218485054
1635512286.5795698,14,244,68,73,71,87.32394366197184,24.350587059891964
1635512287.1131208,3,-49,67,68,68,91.1764705882353,-5.1931790634241475
1635512287.1131208,2,21,67,67,68,91.1764705882353,2.2306353530719227
1635512287.1131208,7,-259,69,67,68,91.1764705882353,-25.659779802199026
1635512287.1131208,8,-190,68,69,68,91.1764705882353,-19.413444096195985
1635512287.1131208,9,-121,67,68,68,91.1764705882353,-12.649593914834636
1635512287.1131208,15,169,68,74,71,87.32394366197184,17.404525184005227
1635512287.1131208,14,244,68,73,71,87.32394366197184,24.350587059891964
1635512287.1131208,1,92,67,71,72,86.11111111111113,9.683968218485054
1635512287.5880194,3,-49,67,68,68,91.1764705882353,-5.1931790634241475
1635512287.5880194,2,21,67,67,68,91.1764705882353,2.2306353530719227
1635512287.5880194,7,-259,69,67,68,91.1764705882353,-25.659779802199026
1635512287.5880194,8,-190,68,69,68,91.1764705882353,-19.413444096195985
1635512287.5880194,9,-121,67,68,69,89.85507246376812,-12.649593914834636
1635512287.5880194,15,168,68,75,71,87.32394366197184,17.307708014004547
1635512287.5880194,14,244,68,73,71,87.32394366197184,24.350587059891964
1635512288.1062145,3,-49,66,68,67,92.53731343283583,-5.1931790634241475
1635512288.1062145,7,-259,69,67,68,91.1764705882353,-25.659779802199026
1635512288.1062145,2,21,67,67,68,91.1764705882353,2.2306353530719227
1635512288.1062145,8,-190,68,69,68,91.1764705882353,-19.413444096195985
1635512288.1062145,9,-121,67,68,69,89.85507246376812,-12.649593914834636
1635512288.1062145,1,92,67,71,72,86.11111111111113,9.683968218485054
1635512288.1062145,15,169,68,74,71,87.32394366197184,17.404525184005227
1635512288.1062145,14,244,68,73,71,87.32394366197184,24.350587059891964
1635512288.5459802,3,-49,67,68,68,91.1764705882353,-5.1931790634241475
1635512288.5459802,7,-259,69,67,68,91.1764705882353,-25.659779802199026
1635512288.5459802,8,-190,68,69,68,91.1764705882353,-19.413444096195985
1635512288.5459802,9,-121,67,68,69,89.85507246376812,-12.649593914834636
1635512288.5459802,15,169,68,74,71,87.32394366197184,17.404525184005227
1635512288.5459802,14,244,68,73,71,87.32394366197184,24.350587059891964
1635512289.1236718,3,-49,66,68,67,92.53731343283583,-5.1931790634241475
1635512289.1236718,7,-259,69,67,68,91.1764705882353,-25.659779802199026
1635512289.1236718,8,-190,68,69,68,91.1764705882353,-19.413444096195985
1635512289.1236718,9,-121,67,68,69,89.85507246376812,-12.649593914834636
1635512289.1236718,14,244,68,73,71,87.32394366197184,24.350587059891964
1635512289.1236718,15,168,68,73,71,87.32394366197184,17.307708014004547
1635512289.7428827,3,-49,67,68,68,91.1764705882353,-5.1931790634241475
1635512289.7428827,7,-259,69,67,68,91.1764705882353,-25.659779802199026
1635512289.7428827,8,-190,68,69,68,91.1764705882353,-19.413444096195985
1635512289.7428827,9,-121,67,68,69,89.85507246376812,-12.649593914834636
1635512289.7428827,1,92,66,71,71,87.32394366197184,9.683968218485054
1635512289.7428827,2,21,67,67,68,91.1764705882353,2.2306353530719227
1635512289.7428827,15,168,68,74,71,87.32394366197184,17.307708014004547
1635512289.7428827,14,244,68,73,71,87.32394366197184,24.350587059891964
1635512290.1861336,3,-49,67,68,68,91.1764705882353,-5.1931790634241475
1635512290.1861336,2,21,67,67,69,89.85507246376812,2.2306353530719227
1635512290.1861336,7,-259,69,67,68,91.1764705882353,-25.659779802199026
1635512290.1861336,8,-190,68,69,68,91.1764705882353,-19.413444096195985
1635512290.1861336,9,-121,67,68,69,89.85507246376812,-12.649593914834636
1635512290.1861336,15,168,68,74,71,87.32394366197184,17.307708014004547
1635512290.1861336,14,244,69,73,70,88.57142857142858,24.350587059891964
1635512290.7609217,3,-49,66,68,67,92.53731343283583,-5.1931790634241475
1635512290.7609217,2,21,67,67,68,91.1764705882353,2.2306353530719227
1635512290.7609217,9,-121,67,68,69,89.85507246376812,-12.649593914834636
1635512290.7609217,7,-259,69,67,68,91.1764705882353,-25.659779802199026
1635512290.7609217,15,168,68,75,71,87.32394366197184,17.307708014004547
1635512290.7609217,14,244,68,73,71,87.32394366197184,24.350587059891964
1635512291.2989252,3,-49,67,68,68,91.1764705882353,-5.1931790634241475
1635512291.2989252,2,21,67,67,69,89.85507246376812,2.2306353530719227
1635512291.2989252,9,-121,67,68,69,89.85507246376812,-12.649593914834636
1635512291.2989252,15,168,68,75,71,87.32394366197184,17.307708014004547
1635512291.2989252,14,244,68,73,71,87.32394366197184,24.350587059891964
1635512291.9477482,3,-49,67,67,68,91.1764705882353,-5.1931790634241475
1635512291.9477482,7,-259,69,67,68,91.1764705882353,-25.659779802199026
1635512291.9477482,2,21,67,67,68,91.1764705882353,2.2306353530719227
1635512291.9477482,8,-190,68,69,68,91.1764705882353,-19.413444096195985
1635512291.9477482,9,-121,67,69,69,89.85507246376812,-12.649593914834636
1635512291.9477482,1,92,67,71,72,86.11111111111113,9.683968218485054
1635512291.9477482,15,168,68,75,71,87.32394366197184,17.307708014004547
1635512291.9477482,14,244,68,73,71,87.32394366197184,24.350587059891964
1635512292.36512,3,-49,67,68,68,91.1764705882353,-5.1931790634241475
1635512292.36512,2,21,67,67,68,91.1764705882353,2.2306353530719227
1635512292.36512,7,-259,69,67,68,91.1764705882353,-25.659779802199026
1635512292.36512,8,-190,68,69,68,91.1764705882353,-19.413444096195985
1635512292.36512,9,-121,67,69,69,89.85507246376812,-12.649593914834636
1635512292.36512,15,168,68,75,71,87.32394366197184,17.307708014004547
1635512292.36512,14,244,68,73,71,87.32394366197184,24.350587059891964
1635512292.8694193,3,-49,67,68,68,91.1764705882353,-5.1931790634241475
1635512292.8694193,7,-259,69,67,68,91.1764705882353,-25.659779802199026
1635512292.8694193,8,-190,68,69,68,91.1764705882353,-19.413444096195985
1635512292.8694193,9,-121,67,68,69,89.85507246376812,-12.649593914834636
1635512292.8694193,1,92,66,71,71,87.32394366197184,9.683968218485054
1635512292.8694193,2,21,67,67,68,91.1764705882353,2.2306353530719227
1635512292.8694193,15,168,68,74,71,87.32394366197184,17.307708014004547
1635512292.8694193,14,244,68,73,71,87.32394366197184,24.350587059891964
1635512293.2498024,3,-49,67,68,68,91.1764705882353,-5.1931790634241475
1635512293.2498024,2,21,67,67,68,91.1764705882353,2.2306353530719227
1635512293.2498024,7,-259,69,67,68,91.1764705882353,-25.659779802199026
1635512293.2498024,8,-190,68,69,68,91.1764705882353,-19.413444096195985
1635512293.2498024,9,-121,67,68,68,91.1764705882353,-12.649593914834636
1635512293.2498024,14,244,68,73,71,87.32394366197184,24.350587059891964
1635512293.2498024,15,169,68,74,71,87.32394366197184,17.404525184005227
1635512293.7608058,3,-49,67,68,68,91.1764705882353,-5.1931790634241475
1635512293.7608058,2,21,67,67,68,91.1764705882353,2.2306353530719227
1635512293.7608058,7,-259,69,67,68,91.1764705882353,-25.659779802199026
1635512293.7608058,8,-190,68,69,68,91.1764705882353,-19.413444096195985
1635512293.7608058,9,-121,67,68,69,89.85507246376812,-12.649593914834636
1635512293.7608058,15,168,68,75,71,87.32394366197184,17.307708014004547
1635512293.7608058,14,244,68,73,71,87.32394366197184,24.350587059891964
1635512294.3297195,3,-49,67,68,68,91.1764705882353,-5.1931790634241475
1635512294.3297195,2,21,67,67,68,91.1764705882353,2.2306353530719227
1635512294.3297195,7,-259,69,67,68,91.1764705882353,-25.659779802199026
1635512294.3297195,8,-190,68,69,68,91.1764705882353,-19.413444096195985
1635512294.3297195,9,-121,67,69,69,89.85507246376812,-12.649593914834636
1635512294.3297195,1,92,67,71,69,89.85507246376812,9.683968218485054
1635512294.3297195,15,168,68,75,71,87.32394366197184,17.307708014004547
1635512294.3297195,14,244,68,73,71,87.32394366197184,24.350587059891964
1635512294.768622,3,-49,67,68,68,91.1764705882353,-5.1931790634241475
1635512294.768622,2,21,67,67,68,91.1764705882353,2.2306353530719227
1635512294.768622,7,-259,68,67,67,92.53731343283583,-25.659779802199026
1635512294.768622,8,-190,68,69,68,91.1764705882353,-19.413444096195985
1635512294.768622,9,-121,67,68,69,89.85507246376812,-12.649593914834636
1635512294.768622,14,244,68,73,71,87.32394366197184,24.350587059891964
1635512294.768622,1,92,68,71,70,88.57142857142858,9.683968218485054
1635512294.768622,15,169,68,74,71,87.32394366197184,17.404525184005227
1635512295.2635033,3,-49,66,68,67,92.53731343283583,-5.1931790634241475
1635512295.2635033,7,-259,68,67,67,92.53731343283583,-25.659779802199026
1635512295.2635033,9,-121,67,69,69,89.85507246376812,-12.649593914834636
1635512295.2635033,2,21,67,67,68,91.1764705882353,2.2306353530719227
1635512295.2635033,15,168,68,75,71,87.32394366197184,17.307708014004547
1635512295.2635033,1,92,66,71,72,86.11111111111113,9.683968218485054
1635512295.2635033,14,244,68,73,71,87.32394366197184,24.350587059891964
1635512295.7622225,3,-49,67,68,68,91.1764705882353,-5.1931790634241475
1635512295.7622225,2,21,67,67,68,91.1764705882353,2.2306353530719227
1635512295.7622225,8,-190,68,69,68,91.1764705882353,-19.413444096195985
1635512295.7622225,9,-121,67,69,68,91.1764705882353,-12.649593914834636
1635512295.7622225,1,92,67,71,72,86.11111111111113,9.683968218485054
1635512295.7622225,15,168,68,74,71,87.32394366197184,17.307708014004547
1635512295.7622225,7,-259,69,67,68,91.1764705882353,-25.659779802199026
1635512295.7622225,14,244,68,73,71,87.32394366197184,24.350587059891964
1635512296.2283504,3,-49,67,67,68,91.1764705882353,-5.1931790634241475
1635512296.2283504,2,21,67,67,69,89.85507246376812,2.2306353530719227
1635512296.2283504,8,-190,68,69,68,91.1764705882353,-19.413444096195985
1635512296.2283504,9,-121,67,69,69,89.85507246376812,-12.649593914834636
1635512296.2283504,7,-259,69,66,68,91.1764705882353,-25.659779802199026
1635512296.2283504,15,169,68,74,71,87.32394366197184,17.404525184005227
1635512296.2283504,1,92,67,71,69,89.85507246376812,9.683968218485054
1635512296.2283504,14,244,68,73,71,87.32394366197184,24.350587059891964
1635512296.697936,3,-49,67,68,68,91.1764705882353,-5.1931790634241475
1635512296.697936,7,-259,69,67,68,91.1764705882353,-25.659779802199026
1635512296.697936,8,-190,68,69,68,91.1764705882353,-19.413444096195985
1635512296.697936,9,-121,67,69,69,89.85507246376812,-12.649593914834636
1635512296.697936,14,244,68,73,71,87.32394366197184,24.350587059891964
1635512296.697936,15,168,68,73,71,87.32394366197184,17.307708014004547
1635512297.2523725,3,-49,66,68,67,92.53731343283583,-5.1931790634241475
1635512297.2523725,7,-259,69,67,68,91.1764705882353,-25.659779802199026
1635512297.2523725,8,-190,68,69,68,91.1764705882353,-19.413444096195985
1635512297.2523725,9,-121,67,68,69,89.85507246376812,-12.649593914834636
1635512297.2523725,1,92,67,71,72,86.11111111111113,9.683968218485054
1635512297.2523725,2,21,67,67,69,89.85507246376812,2.2306353530719227
1635512297.2523725,15,169,68,74,71,87.32394366197184,17.404525184005227
1635512297.8915856,3,-49,67,68,68,91.1764705882353,-5.1931790634241475
1635512297.8915856,8,-190,68,69,68,91.1764705882353,-19.413444096195985
1635512297.8915856,7,-259,69,67,68,91.1764705882353,-25.659779802199026
1635512297.8915856,9,-121,67,69,69,89.85507246376812,-12.649593914834636
1635512297.8915856,2,21,67,67,68,91.1764705882353,2.2306353530719227
1635512297.8915856,14,244,68,73,71,87.32394366197184,24.350587059891964
1635512297.8915856,15,168,68,75,71,87.32394366197184,17.307708014004547
1635512297.8915856,1,92,68,71,70,88.57142857142858,9.683968218485054
1635512298.4479432,3,-49,67,68,68,91.1764705882353,-5.1931790634241475
1635512298.4479432,2,21,67,67,68,91.1764705882353,2.2306353530719227
1635512298.4479432,9,-121,67,69,69,89.85507246376812,-12.649593914834636
1635512298.4479432,15,168,68,75,71,87.32394366197184,17.307708014004547
1635512298.4479432,7,-259,69,67,68,91.1764705882353,-25.659779802199026
1635512298.4479432,14,244,68,73,71,87.32394366197184,24.350587059891964
1635512299.0009444,8,-190,68,69,68,91.1764705882353,-19.413444096195985
1635512299.0009444,3,-49,67,68,68,91.1764705882353,-5.1931790634241475
1635512299.0009444,7,-259,69,67,68,91.1764705882353,-25.659779802199026
1635512299.0009444,9,-121,67,68,69,89.85507246376812,-12.649593914834636
1635512299.0009444,2,21,67,67,68,91.1764705882353,2.2306353530719227
1635512299.0009444,14,244,68,73,71,87.32394366197184,24.350587059891964
1635512299.0009444,1,92,66,71,72,86.11111111111113,9.683968218485054
1635512299.0009444,15,169,68,74,71,87.32394366197184,17.404525184005227
1635512299.4915426,3,-49,67,68,68,91.1764705882353,-5.1931790634241475
1635512299.4915426,7,-259,68,67,67,92.53731343283583,-25.659779802199026
1635512299.4915426,2,21,67,67,68,91.1764705882353,2.2306353530719227
1635512299.4915426,8,-190,68,69,68,91.1764705882353,-19.413444096195985
1635512299.4915426,9,-121,67,69,69,89.85507246376812,-12.649593914834636
1635512299.4915426,14,244,68,73,71,87.32394366197184,24.350587059891964
1635512299.4915426,1,92,67,71,70,88.57142857142858,9.683968218485054
1635512299.4915426,15,169,68,74,71,87.32394366197184,17.404525184005227
1635512299.928753,3,-49,67,68,68,91.1764705882353,-5.1931790634241475
1635512299.928753,2,21,67,67,68,91.1764705882353,2.2306353530719227
1635512299.928753,7,-259,69,67,68,91.1764705882353,-25.659779802199026
1635512299.928753,8,-190,68,69,68,91.1764705882353,-19.413444096195985
1635512299.928753,9,-121,67,68,69,89.85507246376812,-12.649593914834636
1635512299.928753,1,92,67,71,72,86.11111111111113,9.683968218485054
1635512299.928753,14,244,68,73,71,87.32394366197184,24.350587059891964
1635512299.928753,15,168,68,75,71,87.32394366197184,17.307708014004547
1635512300.3706822,3,-49,67,68,68,91.1764705882353,-5.1931790634241475
1635512300.3706822,7,-259,69,67,68,91.1764705882353,-25.659779802199026
1635512300.3706822,8,-190,68,69,68,91.1764705882353,-19.413444096195985
1635512300.3706822,9,-121,67,68,69,89.85507246376812,-12.649593914834636
1635512300.3706822,1,92,66,71,71,87.32394366197184,9.683968218485054
1635512300.3706822,2,21,67,67,68,91.1764705882353,2.2306353530719227
1635512300.3706822,14,244,68,73,71,87.32394366197184,24.350587059891964
1635512300.3706822,15,169,68,74,71,87.32394366197184,17.404525184005227
1635512300.762102,3,-49,66,68,67,92.53731343283583,-5.1931790634241475
1635512300.762102,2,21,67,67,68,91.1764705882353,2.2306353530719227
1635512300.762102,7,-259,68,67,67,92.53731343283583,-25.659779802199026
1635512300.762102,8,-190,68,69,68,91.1764705882353,-19.413444096195985
1635512300.762102,9,-121,67,68,69,89.85507246376812,-12.649593914834636
1635512300.762102,14,244,68,73,71,87.32394366197184,24.350587059891964
1635512300.762102,1,92,66,71,71,87.32394366197184,9.683968218485054
1635512300.762102,15,168,68,73,71,87.32394366197184,17.307708014004547
1635512301.2002087,3,-49,67,68,68,91.1764705882353,-5.1931790634241475
1635512301.2002087,8,-190,68,69,68,91.1764705882353,-19.413444096195985
1635512301.2002087,2,21,67,67,69,89.85507246376812,2.2306353530719227
1635512301.2002087,9,-121,67,69,69,89.85507246376812,-12.649593914834636
1635512301.2002087,1,92,66,71,71,87.32394366197184,9.683968218485054
1635512301.2002087,15,169,68,74,71,87.32394366197184,17.404525184005227
1635512301.2002087,7,-259,69,67,68,91.1764705882353,-25.659779802199026
1635512301.2002087,14,244,68,73,71,87.32394366197184,24.350587059891964
1635512301.6426382,3,-49,67,68,68,91.1764705882353,-5.1931790634241475
1635512301.6426382,2,21,67,68,68,91.1764705882353,2.2306353530719227
1635512301.6426382,7,-259,68,67,67,92.53731343283583,-25.659779802199026
1635512301.6426382,8,-190,68,69,68,91.1764705882353,-19.413444096195985
1635512301.6426382,9,-121,67,68,69,89.85507246376812,-12.649593914834636
1635512301.6426382,1,92,66,71,71,87.32394366197184,9.683968218485054
1635512301.6426382,14,244,68,73,71,87.32394366197184,24.350587059891964
1635512301.6426382,15,169,68,74,71,87.32394366197184,17.404525184005227
1635512302.0503058,3,-49,67,68,68,91.1764705882353,-5.1931790634241475
1635512302.0503058,8,-190,68,69,68,91.1764705882353,-19.413444096195985
1635512302.0503058,2,21,67,67,68,91.1764705882353,2.2306353530719227
1635512302.0503058,7,-259,69,67,68,91.1764705882353,-25.659779802199026
1635512302.0503058,9,-121,67,68,68,91.1764705882353,-12.649593914834636
1635512302.0503058,14,244,68,73,71,87.32394366197184,24.350587059891964
1635512302.0503058,15,169,68,74,71,87.32394366197184,17.404525184005227
1635512302.540893,2,21,67,68,68,91.1764705882353,2.2306353530719227
1635512302.540893,3,-49,67,68,68,91.1764705882353,-5.1931790634241475
1635512302.540893,7,-259,68,67,67,92.53731343283583,-25.659779802199026
1635512302.540893,8,-190,68,69,68,91.1764705882353,-19.413444096195985
1635512302.540893,9,-121,67,68,69,89.85507246376812,-12.649593914834636
1635512302.540893,1,92,67,71,69,89.85507246376812,9.683968218485054
1635512302.540893,14,244,68,73,71,87.32394366197184,24.350587059891964
1635512302.540893,15,169,68,74,71,87.32394366197184,17.404525184005227
1635512302.9628897,3,-49,67,68,68,91.1764705882353,-5.1931790634241475
1635512302.9628897,7,-259,69,67,68,91.1764705882353,-25.659779802199026
1635512302.9628897,8,-190,68,69,68,91.1764705882353,-19.413444096195985
1635512302.9628897,9,-121,67,68,69,89.85507246376812,-12.649593914834636
1635512302.9628897,1,92,67,71,69,89.85507246376812,9.683968218485054
1635512302.9628897,2,21,67,67,68,91.1764705882353,2.2306353530719227
1635512302.9628897,14,244,68,73,71,87.32394366197184,24.350587059891964
1635512302.9628897,15,169,68,74,71,87.32394366197184,17.404525184005227
1635512303.3874936,3,-49,67,68,68,91.1764705882353,-5.1931790634241475
1635512303.3874936,8,-190,68,69,68,91.1764705882353,-19.413444096195985
1635512303.3874936,2,21,67,68,68,91.1764705882353,2.2306353530719227
1635512303.3874936,7,-259,68,67,67,92.53731343283583,-25.659779802199026
1635512303.3874936,9,-121,67,68,68,91.1764705882353,-12.649593914834636
1635512303.3874936,1,92,68,71,70,88.57142857142858,9.683968218485054
1635512303.3874936,15,169,68,74,71,87.32394366197184,17.404525184005227
1635512303.3874936,14,244,68,73,71,87.32394366197184,24.350587059891964
1635512303.808722,3,-49,67,68,68,91.1764705882353,-5.1931790634241475
1635512303.808722,2,21,67,68,68,91.1764705882353,2.2306353530719227
1635512303.808722,7,-259,69,67,68,91.1764705882353,-25.659779802199026
1635512303.808722,8,-190,68,69,68,91.1764705882353,-19.413444096195985
1635512303.808722,9,-121,67,68,68,91.1764705882353,-12.649593914834636
1635512303.808722,1,92,66,71,71,87.32394366197184,9.683968218485054
1635512303.808722,14,244,68,73,71,87.32394366197184,24.350587059891964
1635512303.808722,15,169,68,74,71,87.32394366197184,17.404525184005227
1635512304.2389982,3,-49,67,68,68,91.1764705882353,-5.1931790634241475
1635512304.2389982,2,21,67,67,68,91.1764705882353,2.2306353530719227
1635512304.2389982,8,-190,68,69,68,91.1764705882353,-19.413444096195985
1635512304.2389982,9,-121,67,68,69,89.85507246376812,-12.649593914834636
1635512304.2389982,14,244,68,73,71,87.32394366197184,24.350587059891964
1635512304.2389982,7,-259,68,67,67,92.53731343283583,-25.659779802199026
1635512304.2389982,15,168,68,73,71,87.32394366197184,17.307708014004547
1635512304.2389982,1,92,68,71,70,88.57142857142858,9.683968218485054
1635512304.78581,3,-49,67,68,68,91.1764705882353,-5.1931790634241475
1635512304.78581,8,-190,68,69,68,91.1764705882353,-19.413444096195985
1635512304.78581,2,21,67,68,68,91.1764705882353,2.2306353530719227
1635512304.78581,7,-259,69,67,68,91.1764705882353,-25.659779802199026
1635512304.78581,9,-121,67,68,69,89.85507246376812,-12.649593914834636
1635512304.78581,1,92,67,71,70,88.57142857142858,9.683968218485054
1635512304.78581,14,244,68,73,71,87.32394366197184,24.350587059891964
1635512304.78581,15,169,68,74,71,87.32394366197184,17.404525184005227
1635512305.1675441,3,-49,67,68,68,91.1764705882353,-5.1931790634241475
1635512305.1675441,8,-190,68,69,68,91.1764705882353,-19.413444096195985
1635512305.1675441,2,21,67,67,68,91.1764705882353,2.2306353530719227
1635512305.1675441,9,-121,67,68,69,89.85507246376812,-12.649593914834636
1635512305.1675441,15,169,68,74,71,87.32394366197184,17.404525184005227
1635512305.1675441,7,-259,69,67,68,91.1764705882353,-25.659779802199026
1635512305.1675441,14,244,68,73,71,87.32394366197184,24.350587059891964
1635512305.1675441,1,92,66,71,71,87.32394366197184,9.683968218485054
1635512305.594506,3,-49,67,68,68,91.1764705882353,-5.1931790634241475
1635512305.594506,2,22,67,68,68,91.1764705882353,2.3367410088134952
1635512305.594506,7,-259,68,67,67,92.53731343283583,-25.659779802199026
1635512305.594506,8,-190,68,69,68,91.1764705882353,-19.413444096195985
1635512305.594506,9,-121,67,68,68,91.1764705882353,-12.649593914834636
1635512305.594506,14,244,68,73,71,87.32394366197184,24.350587059891964
1635512305.594506,1,93,67,70,69,89.85507246376812,9.787203664656111
1635512305.594506,15,169,68,74,71,87.32394366197184,17.404525184005227
1635512306.0619657,3,-49,67,68,68,91.1764705882353,-5.1931790634241475
1635512306.0619657,8,-190,68,69,68,91.1764705882353,-19.413444096195985
1635512306.0619657,2,21,67,67,68,91.1764705882353,2.2306353530719227
1635512306.0619657,7,-259,69,67,68,91.1764705882353,-25.659779802199026
1635512306.0619657,9,-121,67,68,68,91.1764705882353,-12.649593914834636
1635512306.0619657,1,92,66,71,71,87.32394366197184,9.683968218485054
1635512306.0619657,14,244,68,73,71,87.32394366197184,24.350587059891964
1635512306.0619657,15,168,68,73,71,87.32394366197184,17.307708014004547
1635512306.4292564,3,-49,67,68,68,91.1764705882353,-5.1931790634241475
1635512306.4292564,8,-190,68,69,68,91.1764705882353,-19.413444096195985
1635512306.4292564,2,21,67,67,68,91.1764705882353,2.2306353530719227
1635512306.4292564,7,-259,68,67,67,92.53731343283583,-25.659779802199026
1635512306.4292564,9,-121,67,69,68,91.1764705882353,-12.649593914834636
1635512306.4292564,1,92,68,71,70,88.57142857142858,9.683968218485054
1635512306.4292564,15,169,68,74,71,87.32394366197184,17.404525184005227
1635512306.4292564,14,244,68,73,71,87.32394366197184,24.350587059891964
1635512306.826032,3,-49,67,68,68,91.1764705882353,-5.1931790634241475
1635512306.826032,7,-259,69,67,68,91.1764705882353,-25.659779802199026
1635512306.826032,8,-190,68,69,68,91.1764705882353,-19.413444096195985
1635512306.826032,9,-121,67,69,69,89.85507246376812,-12.649593914834636
1635512306.826032,1,92,66,71,71,87.32394366197184,9.683968218485054
1635512306.826032,2,21,67,68,68,91.1764705882353,2.2306353530719227
1635512306.826032,15,168,68,75,71,87.32394366197184,17.307708014004547
1635512306.826032,14,244,68,73,71,87.32394366197184,24.350587059891964
1635512307.2708359,3,-49,67,68,68,91.1764705882353,-5.1931790634241475
1635512307.2708359,2,20,67,69,68,91.1764705882353,2.124514387441452
1635512307.2708359,7,-259,69,67,68,91.1764705882353,-25.659779802199026
1635512307.2708359,8,-190,68,69,68,91.1764705882353,-19.413444096195985
1635512307.2708359,9,-121,67,68,68,91.1764705882353,-12.649593914834636
1635512307.2708359,1,92,66,71,72,86.11111111111113,9.683968218485054
1635512307.2708359,14,244,68,73,71,87.32394366197184,24.350587059891964
1635512307.2708359,15,169,68,74,71,87.32394366197184,17.404525184005227
1635512307.6882517,3,-49,66,68,67,92.53731343283583,-5.1931790634241475
1635512307.6882517,2,21,67,67,69,89.85507246376812,2.2306353530719227
1635512307.6882517,8,-190,68,69,68,91.1764705882353,-19.413444096195985
1635512307.6882517,9,-121,67,69,69,89.85507246376812,-12.649593914834636
1635512307.6882517,14,244,68,73,71,87.32394366197184,24.350587059891964
1635512307.6882517,15,169,68,74,71,87.32394366197184,17.404525184005227
1635512308.308047,3,-49,66,68,67,92.53731343283583,-5.1931790634241475
1635512308.308047,7,-259,69,67,68,91.1764705882353,-25.659779802199026
1635512308.308047,8,-190,68,69,68,91.1764705882353,-19.413444096195985
1635512308.308047,9,-121,67,69,69,89.85507246376812,-12.649593914834636
1635512308.308047,14,244,68,73,71,87.32394366197184,24.350587059891964
1635512308.308047,15,168,68,73,71,87.32394366197184,17.307708014004547
1635512308.886269,3,-49,67,68,68,91.1764705882353,-5.1931790634241475
1635512308.886269,7,-259,68,67,67,92.53731343283583,-25.659779802199026
1635512308.886269,8,-190,68,69,68,91.1764705882353,-19.413444096195985
1635512308.886269,9,-121,67,69,69,89.85507246376812,-12.649593914834636
1635512308.886269,1,92,66,71,71,87.32394366197184,9.683968218485054
1635512308.886269,2,21,67,67,68,91.1764705882353,2.2306353530719227
1635512308.886269,14,244,68,73,71,87.32394366197184,24.350587059891964
1635512308.886269,15,169,68,74,71,87.32394366197184,17.404525184005227
1635512309.3610067,3,-49,67,68,68,91.1764705882353,-5.1931790634241475
1635512309.3610067,8,-190,68,69,68,91.1764705882353,-19.413444096195985
1635512309.3610067,9,-121,67,69,69,89.85507246376812,-12.649593914834636
1635512309.3610067,2,21,67,68,68,91.1764705882353,2.2306353530719227
1635512309.3610067,15,168,68,73,71,87.32394366197184,17.307708014004547
1635512309.3610067,7,-259,68,67,67,92.53731343283583,-25.659779802199026
1635512309.3610067,14,244,68,73,71,87.32394366197184,24.350587059891964
1635512309.9259338,3,-49,67,68,68,91.1764705882353,-5.1931790634241475
1635512309.9259338,8,-190,68,69,68,91.1764705882353,-19.413444096195985
1635512309.9259338,2,21,67,67,68,91.1764705882353,2.2306353530719227
1635512309.9259338,7,-259,69,67,68,91.1764705882353,-25.659779802199026
1635512309.9259338,9,-121,67,69,69,89.85507246376812,-12.649593914834636
1635512309.9259338,14,244,68,73,71,87.32394366197184,24.350587059891964
1635512309.9259338,15,168,68,73,71,87.32394366197184,17.307708014004547
1635512310.362347,3,-49,67,68,68,91.1764705882353,-5.1931790634241475
1635512310.362347,2,22,67,68,68,91.1764705882353,2.3367410088134952
1635512310.362347,8,-190,68,69,68,91.1764705882353,-19.413444096195985
1635512310.362347,9,-121,67,68,69,89.85507246376812,-12.649593914834636
1635512310.362347,7,-259,69,67,68,91.1764705882353,-25.659779802199026
1635512310.362347,14,244,68,73,71,87.32394366197184,24.350587059891964
1635512310.362347,15,169,68,74,71,87.32394366197184,17.404525184005227
1635512310.9219398,3,-49,67,68,68,91.1764705882353,-5.1931790634241475
1635512310.9219398,8,-190,68,69,68,91.1764705882353,-19.413444096195985
1635512310.9219398,2,21,67,68,68,91.1764705882353,2.2306353530719227
1635512310.9219398,7,-259,69,67,68,91.1764705882353,-25.659779802199026
1635512310.9219398,9,-121,67,68,69,89.85507246376812,-12.649593914834636
1635512310.9219398,1,93,67,70,70,88.57142857142858,9.787203664656111
1635512310.9219398,15,169,68,74,71,87.32394366197184,17.404525184005227
1635512310.9219398,14,244,68,73,71,87.32394366197184,24.350587059891964
1635512311.3897946,3,-49,67,68,68,91.1764705882353,-5.1931790634241475
1635512311.3897946,8,-190,68,69,68,91.1764705882353,-19.413444096195985
1635512311.3897946,7,-259,69,67,68,91.1764705882353,-25.659779802199026
1635512311.3897946,2,21,67,67,68,91.1764705882353,2.2306353530719227
1635512311.3897946,9,-121,67,68,68,91.1764705882353,-12.649593914834636
1635512311.3897946,1,92,67,71,70,88.57142857142858,9.683968218485054
1635512311.3897946,14,244,68,73,71,87.32394366197184,24.350587059891964
1635512311.3897946,15,169,68,74,71,87.32394366197184,17.404525184005227
1635512311.8049674,3,-49,66,68,67,92.53731343283583,-5.1931790634241475
1635512311.8049674,8,-190,68,69,68,91.1764705882353,-19.413444096195985
1635512311.8049674,7,-259,69,67,68,91.1764705882353,-25.659779802199026
1635512311.8049674,9,-121,67,68,69,89.85507246376812,-12.649593914834636
1635512311.8049674,2,21,67,67,68,91.1764705882353,2.2306353530719227
1635512311.8049674,14,244,68,73,71,87.32394366197184,24.350587059891964
1635512311.8049674,15,168,68,73,71,87.32394366197184,17.307708014004547
1635512312.3308802,3,-49,66,68,67,92.53731343283583,-5.1931790634241475
1635512312.3308802,2,21,66,67,69,89.85507246376812,2.2306353530719227
1635512312.3308802,7,-259,69,67,68,91.1764705882353,-25.659779802199026
1635512312.3308802,8,-190,68,69,68,91.1764705882353,-19.413444096195985
1635512312.3308802,9,-121,67,69,68,91.1764705882353,-12.649593914834636
1635512312.3308802,1,93,68,70,70,88.57142857142858,9.787203664656111
1635512312.3308802,14,244,68,73,71,87.32394366197184,24.350587059891964
1635512312.3308802,15,168,68,73,71,87.32394366197184,17.307708014004547
1635512312.7752764,3,-49,67,68,68,91.1764705882353,-5.1931790634241475
1635512312.7752764,8,-190,68,69,68,91.1764705882353,-19.413444096195985
1635512312.7752764,7,-259,69,67,68,91.1764705882353,-25.659779802199026
1635512312.7752764,9,-121,67,68,69,89.85507246376812,-12.649593914834636
1635512312.7752764,1,92,67,71,69,89.85507246376812,9.683968218485054
1635512312.7752764,15,169,68,74,71,87.32394366197184,17.404525184005227
1635512312.7752764,14,244,68,73,71,87.32394366197184,24.350587059891964
1635512313.257916,3,-49,66,68,67,92.53731343283583,-5.1931790634241475
1635512313.257916,8,-190,68,69,68,91.1764705882353,-19.413444096195985
1635512313.257916,2,21,67,69,68,91.1764705882353,2.2306353530719227
1635512313.257916,9,-121,67,69,69,89.85507246376812,-12.649593914834636
1635512313.257916,7,-259,69,67,68,91.1764705882353,-25.659779802199026
1635512313.257916,14,244,68,73,71,87.32394366197184,24.350587059891964
1635512313.257916,15,169,68,74,71,87.32394366197184,17.404525184005227
1635512313.7344353,3,-49,66,68,67,92.53731343283583,-5.1931790634241475
1635512313.7344353,8,-190,68,69,68,91.1764705882353,-19.413444096195985
1635512313.7344353,7,-259,69,67,68,91.1764705882353,-25.659779802199026
1635512313.7344353,9,-121,67,69,69,89.85507246376812,-12.649593914834636
1635512313.7344353,2,21,67,67,68,91.1764705882353,2.2306353530719227
1635512313.7344353,14,244,68,73,71,87.32394366197184,24.350587059891964
1635512313.7344353,1,92,67,71,70,88.57142857142858,9.683968218485054
1635512313.7344353,15,169,68,74,71,87.32394366197184,17.404525184005227
1635512314.2136602,3,-49,67,68,68,91.1764705882353,-5.1931790634241475
1635512314.2136602,2,22,67,68,68,91.1764705882353,2.3367410088134952
1635512314.2136602,7,-259,69,67,68,91.1764705882353,-25.659779802199026
1635512314.2136602,8,-190,68,69,68,91.1764705882353,-19.413444096195985
1635512314.2136602,9,-121,67,68,69,89.85507246376812,-12.649593914834636
1635512314.2136602,1,92,67,71,69,89.85507246376812,9.683968218485054
1635512314.2136602,14,244,68,73,71,87.32394366197184,24.350587059891964
1635512314.2136602,15,168,68,75,71,87.32394366197184,17.307708014004547
1635512314.6456382,8,-190,68,69,68,91.1764705882353,-19.413444096195985
1635512314.6456382,3,-49,67,68,68,91.1764705882353,-5.1931790634241475
1635512314.6456382,7,-259,69,67,68,91.1764705882353,-25.659779802199026
1635512314.6456382,9,-121,67,68,69,89.85507246376812,-12.649593914834636
1635512314.6456382,2,21,67,67,69,89.85507246376812,2.2306353530719227
1635512314.6456382,15,168,68,73,71,87.32394366197184,17.307708014004547
1635512314.6456382,14,244,68,73,71,87.32394366197184,24.350587059891964
1635512314.6456382,1,93,67,70,70,88.57142857142858,9.787203664656111
1635512315.2436545,3,-49,67,68,68,91.1764705882353,-5.1931790634241475
1635512315.2436545,8,-190,68,69,68,91.1764705882353,-19.413444096195985
1635512315.2436545,2,21,67,68,68,91.1764705882353,2.2306353530719227
1635512315.2436545,7,-259,69,67,68,91.1764705882353,-25.659779802199026
1635512315.2436545,9,-121,67,68,69,89.85507246376812,-12.649593914834636
1635512315.2436545,14,244,68,73,71,87.32394366197184,24.350587059891964
1635512315.2436545,15,169,68,74,71,87.32394366197184,17.404525184005227
1635512315.2436545,1,92,67,71,71,87.32394366197184,9.683968218485054
1635512315.7061088,3,-49,67,68,68,91.1764705882353,-5.1931790634241475
1635512315.7061088,8,-190,68,69,68,91.1764705882353,-19.413444096195985
1635512315.7061088,7,-259,69,67,68,91.1764705882353,-25.659779802199026
1635512315.7061088,9,-121,67,69,68,91.1764705882353,-12.649593914834636
1635512315.7061088,1,92,66,71,71,87.32394366197184,9.683968218485054
1635512315.7061088,2,21,67,68,68,91.1764705882353,2.2306353530719227
1635512315.7061088,14,244,68,73,71,87.32394366197184,24.350587059891964
1635512315.7061088,15,169,68,74,71,87.32394366197184,17.404525184005227
1635512316.1302454,3,-49,67,68,68,91.1764705882353,-5.1931790634241475
1635512316.1302454,8,-190,68,69,68,91.1764705882353,-19.413444096195985
1635512316.1302454,7,-259,69,67,68,91.1764705882353,-25.659779802199026
1635512316.1302454,9,-121,67,68,69,89.85507246376812,-12.649593914834636
1635512316.1302454,2,21,67,67,68,91.1764705882353,2.2306353530719227
1635512316.1302454,15,168,68,73,71,87.32394366197184,17.307708014004547
1635512316.1302454,14,244,68,73,71,87.32394366197184,24.350587059891964
1635512316.737956,3,-49,67,68,68,91.1764705882353,-5.1931790634241475
1635512316.737956,8,-190,68,69,68,91.1764705882353,-19.413444096195985
1635512316.737956,2,21,67,68,68,91.1764705882353,2.2306353530719227
1635512316.737956,7,-259,68,67,67,92.53731343283583,-25.659779802199026
1635512316.737956,9,-121,67,68,68,91.1764705882353,-12.649593914834636
1635512316.737956,1,93,67,70,69,89.85507246376812,9.787203664656111
1635512316.737956,15,169,68,74,71,87.32394366197184,17.404525184005227
1635512317.261586,3,-49,67,68,68,91.1764705882353,-5.1931790634241475
1635512317.261586,8,-190,68,69,68,91.1764705882353,-19.413444096195985
1635512317.261586,2,21,67,67,68,91.1764705882353,2.2306353530719227
1635512317.261586,7,-259,69,67,68,91.1764705882353,-25.659779802199026
1635512317.261586,9,-121,67,68,69,89.85507246376812,-12.649593914834636
1635512317.261586,1,92,67,71,69,89.85507246376812,9.683968218485054
1635512317.261586,14,244,68,73,71,87.32394366197184,24.350587059891964
1635512317.261586,15,169,68,74,71,87.32394366197184,17.404525184005227
1635512317.683671,3,-49,66,68,67,92.53731343283583,-5.1931790634241475
1635512317.683671,8,-190,68,69,68,91.1764705882353,-19.413444096195985
1635512317.683671,7,-259,68,67,67,92.53731343283583,-25.659779802199026
1635512317.683671,9,-121,67,68,69,89.85507246376812,-12.649593914834636
1635512317.683671,1,92,66,71,72,86.11111111111113,9.683968218485054
1635512317.683671,2,21,67,68,68,91.1764705882353,2.2306353530719227
1635512317.683671,15,169,68,74,71,87.32394366197184,17.404525184005227
1635512317.683671,14,244,68,73,71,87.32394366197184,24.350587059891964
1635512318.1736221,3,-49,66,68,67,92.53731343283583,-5.1931790634241475
1635512318.1736221,8,-190,68,69,68,91.1764705882353,-19.413444096195985
1635512318.1736221,2,21,67,68,69,89.85507246376812,2.2306353530719227
1635512318.1736221,7,-259,69,67,68,91.1764705882353,-25.659779802199026
1635512318.1736221,9,-121,67,68,68,91.1764705882353,-12.649593914834636
1635512318.1736221,14,244,68,73,71,87.32394366197184,24.350587059891964
1635512318.1736221,15,169,68,74,71,87.32394366197184,17.404525184005227
1635512318.1736221,1,92,67,71,69,89.85507246376812,9.683968218485054
1635512318.6669405,3,-49,67,68,68,91.1764705882353,-5.1931790634241475
1635512318.6669405,2,21,67,67,68,91.1764705882353,2.2306353530719227
1635512318.6669405,8,-190,68,69,68,91.1764705882353,-19.413444096195985
1635512318.6669405,9,-121,67,69,69,89.85507246376812,-12.649593914834636
1635512318.6669405,1,92,67,71,70,88.57142857142858,9.683968218485054
1635512318.6669405,7,-259,69,67,68,91.1764705882353,-25.659779802199026
1635512318.6669405,15,169,68,74,71,87.32394366197184,17.404525184005227
1635512319.331756,3,-49,67,68,68,91.1764705882353,-5.1931790634241475
1635512319.331756,8,-190,68,69,68,91.1764705882353,-19.413444096195985
1635512319.331756,7,-259,69,67,68,91.1764705882353,-25.659779802199026
1635512319.331756,9,-121,67,68,69,89.85507246376812,-12.649593914834636
1635512319.331756,1,92,66,71,71,87.32394366197184,9.683968218485054
1635512319.331756,2,21,67,67,68,91.1764705882353,2.2306353530719227
1635512319.331756,15,169,68,74,71,87.32394366197184,17.404525184005227
1635512319.331756,14,244,68,73,71,87.32394366197184,24.350587059891964
1635512319.7314935,3,-49,66,68,67,92.53731343283583,-5.1931790634241475
1635512319.7314935,8,-190,68,69,68,91.1764705882353,-19.413444096195985
1635512319.7314935,7,-259,69,67,68,91.1764705882353,-25.659779802199026
1635512319.7314935,9,-121,67,69,69,89.85507246376812,-12.649593914834636
1635512319.7314935,2,21,67,69,68,91.1764705882353,2.2306353530719227
1635512319.7314935,14,244,68,73,71,87.32394366197184,24.350587059891964
1635512319.7314935,15,169,68,74,71,87.32394366197184,17.404525184005227
1635512320.2788594,3,-49,66,68,67,92.53731343283583,-5.1931790634241475
1635512320.2788594,7,-259,69,67,68,91.1764705882353,-25.659779802199026
1635512320.2788594,8,-190,68,69,68,91.1764705882353,-19.413444096195985
1635512320.2788594,9,-121,67,68,68,91.1764705882353,-12.649593914834636
1635512320.2788594,2,21,67,69,68,91.1764705882353,2.2306353530719227
1635512320.2788594,14,244,68,73,71,87.32394366197184,24.350587059891964
1635512320.2788594,15,169,68,74,71,87.32394366197184,17.404525184005227
1635512320.7727528,3,-49,67,68,68,91.1764705882353,-5.1931790634241475
1635512320.7727528,8,-190,68,69,68,91.1764705882353,-19.413444096195985
1635512320.7727528,2,21,67,68,68,91.1764705882353,2.2306353530719227
1635512320.7727528,7,-259,69,67,68,91.1764705882353,-25.659779802199026
1635512320.7727528,9,-121,67,68,69,89.85507246376812,-12.649593914834636
1635512320.7727528,1,92,66,71,72,86.11111111111113,9.683968218485054
1635512320.7727528,14,244,68,73,71,87.32394366197184,24.350587059891964
1635512320.7727528,15,169,68,74,71,87.32394366197184,17.404525184005227
